model,seed,param,episode,return,length,success
baseline,0,0.5,0,935.0,500,0.0
baseline,0,0.5,1,899.0,500,0.0
baseline,0,0.5,2,945.0,500,0.0
baseline,0,0.5,3,937.0,500,0.0
baseline,0,0.5,4,943.0,500,0.0
baseline,0,0.5,5,948.0,500,0.0
baseline,0,0.5,6,942.0,500,0.0
baseline,0,0.5,7,0.0,500,0.0
baseline,0,0.5,8,0.0,500,0.0
baseline,0,0.5,9,947.0,500,0.0
baseline,0,0.5,10,901.0,500,0.0
baseline,0,0.5,11,994.0,500,0.0
baseline,0,0.5,12,938.0,500,0.0
baseline,0,0.5,13,0.0,500,0.0
baseline,0,0.5,14,865.0,500,0.0
baseline,0,0.5,15,864.0,500,0.0
baseline,0,0.5,16,0.0,500,0.0
baseline,0,0.5,17,858.0,500,0.0
baseline,0,0.5,18,898.0,500,0.0
baseline,0,0.5,19,857.0,500,0.0
baseline,0,0.5,20,0.0,500,0.0
baseline,0,0.5,21,902.0,500,0.0
baseline,0,0.5,22,939.0,500,0.0
baseline,0,0.5,23,899.0,500,0.0
baseline,0,0.5,24,861.0,500,0.0
baseline,0,0.5,25,948.0,500,0.0
baseline,0,0.5,26,858.0,500,0.0
baseline,0,0.5,27,0.0,500,0.0
baseline,0,0.5,28,1000.0,500,0.0
baseline,0,0.5,29,944.0,500,0.0
baseline,0,1.0,0,932.0,500,0.0
baseline,0,1.0,1,891.0,500,0.0
baseline,0,1.0,2,944.0,500,0.0
baseline,0,1.0,3,936.0,500,0.0
baseline,0,1.0,4,942.0,500,0.0
baseline,0,1.0,5,942.0,500,0.0
baseline,0,1.0,6,941.0,500,0.0
baseline,0,1.0,7,0.0,500,0.0
baseline,0,1.0,8,0.0,500,0.0
baseline,0,1.0,9,944.0,500,0.0
baseline,0,1.0,10,806.0,500,0.0
baseline,0,1.0,11,981.0,500,0.0
baseline,0,1.0,12,939.0,500,0.0
baseline,0,1.0,13,0.0,500,0.0
baseline,0,1.0,14,735.0,500,0.0
baseline,0,1.0,15,735.0,500,0.0
baseline,0,1.0,16,0.0,500,0.0
baseline,0,1.0,17,764.0,500,0.0
baseline,0,1.0,18,833.0,500,0.0
baseline,0,1.0,19,773.0,500,0.0
baseline,0,1.0,20,0.0,500,0.0
baseline,0,1.0,21,807.0,500,0.0
baseline,0,1.0,22,937.0,500,0.0
baseline,0,1.0,23,800.0,500,0.0
baseline,0,1.0,24,722.0,500,0.0
baseline,0,1.0,25,943.0,500,0.0
baseline,0,1.0,26,772.0,500,0.0
baseline,0,1.0,27,0.0,500,0.0
baseline,0,1.0,28,1000.0,500,0.0
baseline,0,1.0,29,943.0,500,0.0
baseline,0,1.5,0,155.0,500,0.0
baseline,0,1.5,1,836.0,500,0.0
baseline,0,1.5,2,151.0,500,0.0
baseline,0,1.5,3,148.0,500,0.0
baseline,0,1.5,4,111.0,500,0.0
baseline,0,1.5,5,109.0,500,0.0
baseline,0,1.5,6,113.0,500,0.0
baseline,0,1.5,7,0.0,500,0.0
baseline,0,1.5,8,0.0,500,0.0
baseline,0,1.5,9,125.0,500,0.0
baseline,0,1.5,10,83.0,500,0.0
baseline,0,1.5,11,148.0,500,0.0
baseline,0,1.5,12,152.0,500,0.0
baseline,0,1.5,13,0.0,500,0.0
baseline,0,1.5,14,0.0,500,0.0
baseline,0,1.5,15,83.0,500,0.0
baseline,0,1.5,16,0.0,500,0.0
baseline,0,1.5,17,119.0,500,0.0
baseline,0,1.5,18,132.0,500,0.0
baseline,0,1.5,19,80.0,500,0.0
baseline,0,1.5,20,0.0,500,0.0
baseline,0,1.5,21,87.0,500,0.0
baseline,0,1.5,22,110.0,500,0.0
baseline,0,1.5,23,138.0,500,0.0
baseline,0,1.5,24,115.0,500,0.0
baseline,0,1.5,25,106.0,500,0.0
baseline,0,1.5,26,665.0,500,0.0
baseline,0,1.5,27,0.0,500,0.0
baseline,0,1.5,28,172.0,500,0.0
baseline,0,1.5,29,112.0,500,0.0
baseline,0,2.0,0,127.0,500,0.0
baseline,0,2.0,1,97.0,500,0.0
baseline,0,2.0,2,136.0,500,0.0
baseline,0,2.0,3,124.0,500,0.0
baseline,0,2.0,4,102.0,500,0.0
baseline,0,2.0,5,105.0,500,0.0
baseline,0,2.0,6,101.0,500,0.0
baseline,0,2.0,7,0.0,500,0.0
baseline,0,2.0,8,0.0,500,0.0
baseline,0,2.0,9,118.0,500,0.0
baseline,0,2.0,10,134.0,500,0.0
baseline,0,2.0,11,125.0,500,0.0
baseline,0,2.0,12,125.0,500,0.0
baseline,0,2.0,13,0.0,500,0.0
baseline,0,2.0,14,0.0,500,0.0
baseline,0,2.0,15,468.0,500,0.0
baseline,0,2.0,16,0.0,500,0.0
baseline,0,2.0,17,85.0,500,0.0
baseline,0,2.0,18,88.0,500,0.0
baseline,0,2.0,19,71.0,500,0.0
baseline,0,2.0,20,0.0,500,0.0
baseline,0,2.0,21,65.0,500,0.0
baseline,0,2.0,22,97.0,500,0.0
baseline,0,2.0,23,91.0,500,0.0
baseline,0,2.0,24,57.0,500,0.0
baseline,0,2.0,25,878.0,500,0.0
baseline,0,2.0,26,75.0,500,0.0
baseline,0,2.0,27,0.0,500,0.0
baseline,0,2.0,28,126.0,500,0.0
baseline,0,2.0,29,100.0,500,0.0
baseline,0,2.5,0,108.0,500,0.0
baseline,0,2.5,1,71.0,500,0.0
baseline,0,2.5,2,91.0,500,0.0
baseline,0,2.5,3,109.0,500,0.0
baseline,0,2.5,4,101.0,500,0.0
baseline,0,2.5,5,103.0,500,0.0
baseline,0,2.5,6,101.0,500,0.0
baseline,0,2.5,7,0.0,500,0.0
baseline,0,2.5,8,0.0,500,0.0
baseline,0,2.5,9,106.0,500,0.0
baseline,0,2.5,10,90.0,500,0.0
baseline,0,2.5,11,109.0,500,0.0
baseline,0,2.5,12,118.0,500,0.0
baseline,0,2.5,13,0.0,500,0.0
baseline,0,2.5,14,0.0,500,0.0
baseline,0,2.5,15,0.0,500,0.0
baseline,0,2.5,16,0.0,500,0.0
baseline,0,2.5,17,76.0,500,0.0
baseline,0,2.5,18,72.0,500,0.0
baseline,0,2.5,19,58.0,500,0.0
baseline,0,2.5,20,0.0,500,0.0
baseline,0,2.5,21,61.0,500,0.0
baseline,0,2.5,22,93.0,500,0.0
baseline,0,2.5,23,74.0,500,0.0
baseline,0,2.5,24,50.0,500,0.0
baseline,0,2.5,25,104.0,500,0.0
baseline,0,2.5,26,39.0,500,0.0
baseline,0,2.5,27,0.0,500,0.0
baseline,0,2.5,28,106.0,500,0.0
baseline,0,2.5,29,104.0,500,0.0
dr,0,0.5,0,933.0,500,0.0
dr,0,0.5,1,889.0,500,0.0
dr,0,0.5,2,939.0,500,0.0
dr,0,0.5,3,933.0,500,0.0
dr,0,0.5,4,939.0,500,0.0
dr,0,0.5,5,941.0,500,0.0
dr,0,0.5,6,937.0,500,0.0
dr,0,0.5,7,859.0,500,0.0
dr,0,0.5,8,812.0,500,0.0
dr,0,0.5,9,942.0,500,0.0
dr,0,0.5,10,898.0,500,0.0
dr,0,0.5,11,929.0,500,0.0
dr,0,0.5,12,937.0,500,0.0
dr,0,0.5,13,812.0,500,0.0
dr,0,0.5,14,862.0,500,0.0
dr,0,0.5,15,861.0,500,0.0
dr,0,0.5,16,819.0,500,0.0
dr,0,0.5,17,850.0,500,0.0
dr,0,0.5,18,894.0,500,0.0
dr,0,0.5,19,851.0,500,0.0
dr,0,0.5,20,809.0,500,0.0
dr,0,0.5,21,900.0,500,0.0
dr,0,0.5,22,935.0,500,0.0
dr,0,0.5,23,895.0,500,0.0
dr,0,0.5,24,851.0,500,0.0
dr,0,0.5,25,941.0,500,0.0
dr,0,0.5,26,849.0,500,0.0
dr,0,0.5,27,812.0,500,0.0
dr,0,0.5,28,1000.0,500,0.0
dr,0,0.5,29,939.0,500,0.0
dr,0,1.0,0,931.0,500,0.0
dr,0,1.0,1,890.0,500,0.0
dr,0,1.0,2,938.0,500,0.0
dr,0,1.0,3,931.0,500,0.0
dr,0,1.0,4,937.0,500,0.0
dr,0,1.0,5,939.0,500,0.0
dr,0,1.0,6,936.0,500,0.0
dr,0,1.0,7,723.0,500,0.0
dr,0,1.0,8,692.0,500,0.0
dr,0,1.0,9,940.0,500,0.0
dr,0,1.0,10,802.0,500,0.0
dr,0,1.0,11,927.0,500,0.0
dr,0,1.0,12,935.0,500,0.0
dr,0,1.0,13,731.0,500,0.0
dr,0,1.0,14,686.0,500,0.0
dr,0,1.0,15,731.0,500,0.0
dr,0,1.0,16,698.0,500,0.0
dr,0,1.0,17,760.0,500,0.0
dr,0,1.0,18,800.0,500,0.0
dr,0,1.0,19,768.0,500,0.0
dr,0,1.0,20,698.0,500,0.0
dr,0,1.0,21,802.0,500,0.0
dr,0,1.0,22,932.0,500,0.0
dr,0,1.0,23,801.0,500,0.0
dr,0,1.0,24,722.0,500,0.0
dr,0,1.0,25,939.0,500,0.0
dr,0,1.0,26,765.0,500,0.0
dr,0,1.0,27,688.0,500,0.0
dr,0,1.0,28,1000.0,500,0.0
dr,0,1.0,29,938.0,500,0.0
dr,0,1.5,0,930.0,500,0.0
dr,0,1.5,1,836.0,500,0.0
dr,0,1.5,2,937.0,500,0.0
dr,0,1.5,3,930.0,500,0.0
dr,0,1.5,4,937.0,500,0.0
dr,0,1.5,5,885.0,500,0.0
dr,0,1.5,6,935.0,500,0.0
dr,0,1.5,7,587.0,500,0.0
dr,0,1.5,8,512.0,500,0.0
dr,0,1.5,9,938.0,500,0.0
dr,0,1.5,10,700.0,500,0.0
dr,0,1.5,11,926.0,500,0.0
dr,0,1.5,12,933.0,500,0.0
dr,0,1.5,13,548.0,500,0.0
dr,0,1.5,14,553.0,500,0.0
dr,0,1.5,15,598.0,500,0.0
dr,0,1.5,16,532.0,500,0.0
dr,0,1.5,17,670.0,500,0.0
dr,0,1.5,18,751.0,500,0.0
dr,0,1.5,19,635.0,500,0.0
dr,0,1.5,20,527.0,500,0.0
dr,0,1.5,21,709.0,500,0.0
dr,0,1.5,22,931.0,500,0.0
dr,0,1.5,23,748.0,500,0.0
dr,0,1.5,24,573.0,500,0.0
dr,0,1.5,25,886.0,500,0.0
dr,0,1.5,26,623.0,500,0.0
dr,0,1.5,27,562.0,500,0.0
dr,0,1.5,28,921.0,500,0.0
dr,0,1.5,29,937.0,500,0.0
dr,0,2.0,0,929.0,500,0.0
dr,0,2.0,1,726.0,500,0.0
dr,0,2.0,2,936.0,500,0.0
dr,0,2.0,3,929.0,500,0.0
dr,0,2.0,4,936.0,500,0.0
dr,0,2.0,5,787.0,500,0.0
dr,0,2.0,6,934.0,500,0.0
dr,0,2.0,7,449.0,500,0.0
dr,0,2.0,8,389.0,500,0.0
dr,0,2.0,9,870.0,500,0.0
dr,0,2.0,10,594.0,500,0.0
dr,0,2.0,11,925.0,500,0.0
dr,0,2.0,12,933.0,500,0.0
dr,0,2.0,13,421.0,500,0.0
dr,0,2.0,14,423.0,500,0.0
dr,0,2.0,15,403.0,500,0.0
dr,0,2.0,16,360.0,500,0.0
dr,0,2.0,17,571.0,500,0.0
dr,0,2.0,18,654.0,500,0.0
dr,0,2.0,19,488.0,500,0.0
dr,0,2.0,20,344.0,500,0.0
dr,0,2.0,21,612.0,500,0.0
dr,0,2.0,22,930.0,500,0.0
dr,0,2.0,23,585.0,500,0.0
dr,0,2.0,24,500.0,500,0.0
dr,0,2.0,25,873.0,500,0.0
dr,0,2.0,26,466.0,500,0.0
dr,0,2.0,27,371.0,500,0.0
dr,0,2.0,28,923.0,500,0.0
dr,0,2.0,29,937.0,500,0.0
dr,0,2.5,0,336.0,500,0.0
dr,0,2.5,1,681.0,500,0.0
dr,0,2.5,2,857.0,500,0.0
dr,0,2.5,3,345.0,500,0.0
dr,0,2.5,4,394.0,500,0.0
dr,0,2.5,5,309.0,500,0.0
dr,0,2.5,6,934.0,500,0.0
dr,0,2.5,7,135.0,500,0.0
dr,0,2.5,8,144.0,500,0.0
dr,0,2.5,9,352.0,500,0.0
dr,0,2.5,10,245.0,500,0.0
dr,0,2.5,11,349.0,500,0.0
dr,0,2.5,12,349.0,500,0.0
dr,0,2.5,13,293.0,500,0.0
dr,0,2.5,14,129.0,500,0.0
dr,0,2.5,15,126.0,500,0.0
dr,0,2.5,16,112.0,500,0.0
dr,0,2.5,17,204.0,500,0.0
dr,0,2.5,18,209.0,500,0.0
dr,0,2.5,19,172.0,500,0.0
dr,0,2.5,20,81.0,500,0.0
dr,0,2.5,21,215.0,500,0.0
dr,0,2.5,22,930.0,500,0.0
dr,0,2.5,23,228.0,500,0.0
dr,0,2.5,24,136.0,500,0.0
dr,0,2.5,25,306.0,500,0.0
dr,0,2.5,26,174.0,500,0.0
dr,0,2.5,27,101.0,500,0.0
dr,0,2.5,28,330.0,500,0.0
dr,0,2.5,29,391.0,500,0.0
c,0,0.5,0,932.0,500,0.0
c,0,0.5,1,942.0,500,0.0
c,0,0.5,2,938.0,500,0.0
c,0,0.5,3,933.0,500,0.0
c,0,0.5,4,944.0,500,0.0
c,0,0.5,5,943.0,500,0.0
c,0,0.5,6,943.0,500,0.0
c,0,0.5,7,0.0,500,0.0
c,0,0.5,8,0.0,500,0.0
c,0,0.5,9,868.0,500,0.0
c,0,0.5,10,0.0,500,0.0
c,0,0.5,11,994.0,500,0.0
c,0,0.5,12,934.0,500,0.0
c,0,0.5,13,0.0,500,0.0
c,0,0.5,14,0.0,500,0.0
c,0,0.5,15,0.0,500,0.0
c,0,0.5,16,0.0,500,0.0
c,0,0.5,17,0.0,500,0.0
c,0,0.5,18,0.0,500,0.0
c,0,0.5,19,0.0,500,0.0
c,0,0.5,20,0.0,500,0.0
c,0,0.5,21,0.0,500,0.0
c,0,0.5,22,939.0,500,0.0
c,0,0.5,23,0.0,500,0.0
c,0,0.5,24,0.0,500,0.0
c,0,0.5,25,943.0,500,0.0
c,0,0.5,26,0.0,500,0.0
c,0,0.5,27,0.0,500,0.0
c,0,0.5,28,1000.0,500,0.0
c,0,0.5,29,945.0,500,0.0
c,0,1.0,0,932.0,500,0.0
c,0,1.0,1,833.0,500,0.0
c,0,1.0,2,938.0,500,0.0
c,0,1.0,3,930.0,500,0.0
c,0,1.0,4,942.0,500,0.0
c,0,1.0,5,940.0,500,0.0
c,0,1.0,6,941.0,500,0.0
c,0,1.0,7,0.0,500,0.0
c,0,1.0,8,0.0,500,0.0
c,0,1.0,9,878.0,500,0.0
c,0,1.0,10,0.0,500,0.0
c,0,1.0,11,981.0,500,0.0
c,0,1.0,12,935.0,500,0.0
c,0,1.0,13,0.0,500,0.0
c,0,1.0,14,0.0,500,0.0
c,0,1.0,15,0.0,500,0.0
c,0,1.0,16,0.0,500,0.0
c,0,1.0,17,0.0,500,0.0
c,0,1.0,18,0.0,500,0.0
c,0,1.0,19,0.0,500,0.0
c,0,1.0,20,0.0,500,0.0
c,0,1.0,21,0.0,500,0.0
c,0,1.0,22,937.0,500,0.0
c,0,1.0,23,0.0,500,0.0
c,0,1.0,24,0.0,500,0.0
c,0,1.0,25,940.0,500,0.0
c,0,1.0,26,0.0,500,0.0
c,0,1.0,27,0.0,500,0.0
c,0,1.0,28,1000.0,500,0.0
c,0,1.0,29,943.0,500,0.0
c,0,1.5,0,929.0,500,0.0
c,0,1.5,1,722.0,500,0.0
c,0,1.5,2,935.0,500,0.0
c,0,1.5,3,928.0,500,0.0
c,0,1.5,4,873.0,500,0.0
c,0,1.5,5,817.0,500,0.0
c,0,1.5,6,873.0,500,0.0
c,0,1.5,7,0.0,500,0.0
c,0,1.5,8,0.0,500,0.0
c,0,1.5,9,872.0,500,0.0
c,0,1.5,10,0.0,500,0.0
c,0,1.5,11,917.0,500,0.0
c,0,1.5,12,932.0,500,0.0
c,0,1.5,13,0.0,500,0.0
c,0,1.5,14,0.0,500,0.0
c,0,1.5,15,0.0,500,0.0
c,0,1.5,16,0.0,500,0.0
c,0,1.5,17,0.0,500,0.0
c,0,1.5,18,0.0,500,0.0
c,0,1.5,19,0.0,500,0.0
c,0,1.5,20,0.0,500,0.0
c,0,1.5,21,0.0,500,0.0
c,0,1.5,22,870.0,500,0.0
c,0,1.5,23,0.0,500,0.0
c,0,1.5,24,0.0,500,0.0
c,0,1.5,25,885.0,500,0.0
c,0,1.5,26,0.0,500,0.0
c,0,1.5,27,0.0,500,0.0
c,0,1.5,28,884.0,500,0.0
c,0,1.5,29,800.0,500,0.0
c,0,2.0,0,774.0,500,0.0
c,0,2.0,1,613.0,500,0.0
c,0,2.0,2,779.0,500,0.0
c,0,2.0,3,773.0,500,0.0
c,0,2.0,4,798.0,500,0.0
c,0,2.0,5,665.0,500,0.0
c,0,2.0,6,799.0,500,0.0
c,0,2.0,7,0.0,500,0.0
c,0,2.0,8,0.0,500,0.0
c,0,2.0,9,719.0,500,0.0
c,0,2.0,10,0.0,500,0.0
c,0,2.0,11,917.0,500,0.0
c,0,2.0,12,626.0,500,0.0
c,0,2.0,13,0.0,500,0.0
c,0,2.0,14,0.0,500,0.0
c,0,2.0,15,0.0,500,0.0
c,0,2.0,16,0.0,500,0.0
c,0,2.0,17,0.0,500,0.0
c,0,2.0,18,0.0,500,0.0
c,0,2.0,19,0.0,500,0.0
c,0,2.0,20,0.0,500,0.0
c,0,2.0,21,0.0,500,0.0
c,0,2.0,22,796.0,500,0.0
c,0,2.0,23,0.0,500,0.0
c,0,2.0,24,0.0,500,0.0
c,0,2.0,25,815.0,500,0.0
c,0,2.0,26,0.0,500,0.0
c,0,2.0,27,0.0,500,0.0
c,0,2.0,28,757.0,500,0.0
c,0,2.0,29,797.0,500,0.0
c,0,2.5,0,160.0,500,0.0
c,0,2.5,1,81.0,500,0.0
c,0,2.5,2,161.0,500,0.0
c,0,2.5,3,153.0,500,0.0
c,0,2.5,4,164.0,500,0.0
c,0,2.5,5,125.0,500,0.0
c,0,2.5,6,155.0,500,0.0
c,0,2.5,7,0.0,500,0.0
c,0,2.5,8,0.0,500,0.0
c,0,2.5,9,117.0,500,0.0
c,0,2.5,10,0.0,500,0.0
c,0,2.5,11,152.0,500,0.0
c,0,2.5,12,154.0,500,0.0
c,0,2.5,13,0.0,500,0.0
c,0,2.5,14,0.0,500,0.0
c,0,2.5,15,0.0,500,0.0
c,0,2.5,16,0.0,500,0.0
c,0,2.5,17,0.0,500,0.0
c,0,2.5,18,0.0,500,0.0
c,0,2.5,19,0.0,500,0.0
c,0,2.5,20,0.0,500,0.0
c,0,2.5,21,0.0,500,0.0
c,0,2.5,22,157.0,500,0.0
c,0,2.5,23,0.0,500,0.0
c,0,2.5,24,0.0,500,0.0
c,0,2.5,25,151.0,500,0.0
c,0,2.5,26,0.0,500,0.0
c,0,2.5,27,0.0,500,0.0
c,0,2.5,28,179.0,500,0.0
c,0,2.5,29,145.0,500,0.0
o,0,0.5,0,982.0,500,0.0
o,0,0.5,1,945.0,500,0.0
o,0,0.5,2,945.0,500,0.0
o,0,0.5,3,985.0,500,0.0
o,0,0.5,4,942.0,500,0.0
o,0,0.5,5,949.0,500,0.0
o,0,0.5,6,939.0,500,0.0
o,0,0.5,7,870.0,500,0.0
o,0,0.5,8,834.0,500,0.0
o,0,0.5,9,947.0,500,0.0
o,0,0.5,10,907.0,500,0.0
o,0,0.5,11,994.0,500,0.0
o,0,0.5,12,939.0,500,0.0
o,0,0.5,13,868.0,500,0.0
o,0,0.5,14,867.0,500,0.0
o,0,0.5,15,869.0,500,0.0
o,0,0.5,16,833.0,500,0.0
o,0,0.5,17,900.0,500,0.0
o,0,0.5,18,907.0,500,0.0
o,0,0.5,19,869.0,500,0.0
o,0,0.5,20,837.0,500,0.0
o,0,0.5,21,907.0,500,0.0
o,0,0.5,22,989.0,500,0.0
o,0,0.5,23,907.0,500,0.0
o,0,0.5,24,871.0,500,0.0
o,0,0.5,25,948.0,500,0.0
o,0,0.5,26,869.0,500,0.0
o,0,0.5,27,858.0,500,0.0
o,0,0.5,28,1000.0,500,0.0
o,0,0.5,29,943.0,500,0.0
o,0,1.0,0,936.0,500,0.0
o,0,1.0,1,892.0,500,0.0
o,0,1.0,2,944.0,500,0.0
o,0,1.0,3,935.0,500,0.0
o,0,1.0,4,941.0,500,0.0
o,0,1.0,5,942.0,500,0.0
o,0,1.0,6,939.0,500,0.0
o,0,1.0,7,732.0,500,0.0
o,0,1.0,8,0.0,500,0.0
o,0,1.0,9,944.0,500,0.0
o,0,1.0,10,809.0,500,0.0
o,0,1.0,11,981.0,500,0.0
o,0,1.0,12,940.0,500,0.0
o,0,1.0,13,735.0,500,0.0
o,0,1.0,14,734.0,500,0.0
o,0,1.0,15,735.0,500,0.0
o,0,1.0,16,700.0,500,0.0
o,0,1.0,17,762.0,500,0.0
o,0,1.0,18,786.0,500,0.0
o,0,1.0,19,772.0,500,0.0
o,0,1.0,20,657.0,500,0.0
o,0,1.0,21,810.0,500,0.0
o,0,1.0,22,934.0,500,0.0
o,0,1.0,23,806.0,500,0.0
o,0,1.0,24,739.0,500,0.0
o,0,1.0,25,943.0,500,0.0
o,0,1.0,26,772.0,500,0.0
o,0,1.0,27,691.0,500,0.0
o,0,1.0,28,1000.0,500,0.0
o,0,1.0,29,942.0,500,0.0
o,0,1.5,0,935.0,500,0.0
o,0,1.5,1,838.0,500,0.0
o,0,1.5,2,941.0,500,0.0
o,0,1.5,3,934.0,500,0.0
o,0,1.5,4,940.0,500,0.0
o,0,1.5,5,887.0,500,0.0
o,0,1.5,6,937.0,500,0.0
o,0,1.5,7,637.0,500,0.0
o,0,1.5,8,567.0,500,0.0
o,0,1.5,9,939.0,500,0.0
o,0,1.5,10,698.0,500,0.0
o,0,1.5,11,930.0,500,0.0
o,0,1.5,12,938.0,500,0.0
o,0,1.5,13,604.0,500,0.0
o,0,1.5,14,600.0,500,0.0
o,0,1.5,15,601.0,500,0.0
o,0,1.5,16,524.0,500,0.0
o,0,1.5,17,668.0,500,0.0
o,0,1.5,18,754.0,500,0.0
o,0,1.5,19,633.0,500,0.0
o,0,1.5,20,0.0,500,0.0
o,0,1.5,21,708.0,500,0.0
o,0,1.5,22,933.0,500,0.0
o,0,1.5,23,755.0,500,0.0
o,0,1.5,24,639.0,500,0.0
o,0,1.5,25,886.0,500,0.0
o,0,1.5,26,675.0,500,0.0
o,0,1.5,27,561.0,500,0.0
o,0,1.5,28,923.0,500,0.0
o,0,1.5,29,940.0,500,0.0
o,0,2.0,0,933.0,500,0.0
o,0,2.0,1,731.0,500,0.0
o,0,2.0,2,937.0,500,0.0
o,0,2.0,3,932.0,500,0.0
o,0,2.0,4,937.0,500,0.0
o,0,2.0,5,882.0,500,0.0
o,0,2.0,6,935.0,500,0.0
o,0,2.0,7,507.0,500,0.0
o,0,2.0,8,385.0,500,0.0
o,0,2.0,9,879.0,500,0.0
o,0,2.0,10,661.0,500,0.0
o,0,2.0,11,927.0,500,0.0
o,0,2.0,12,936.0,500,0.0
o,0,2.0,13,470.0,500,0.0
o,0,2.0,14,410.0,500,0.0
o,0,2.0,15,467.0,500,0.0
o,0,2.0,16,399.0,500,0.0
o,0,2.0,17,576.0,500,0.0
o,0,2.0,18,652.0,500,0.0
o,0,2.0,19,546.0,500,0.0
o,0,2.0,20,0.0,500,0.0
o,0,2.0,21,602.0,500,0.0
o,0,2.0,22,930.0,500,0.0
o,0,2.0,23,654.0,500,0.0
o,0,2.0,24,496.0,500,0.0
o,0,2.0,25,881.0,500,0.0
o,0,2.0,26,538.0,500,0.0
o,0,2.0,27,433.0,500,0.0
o,0,2.0,28,925.0,500,0.0
o,0,2.0,29,938.0,500,0.0
o,0,2.5,0,930.0,500,0.0
o,0,2.5,1,681.0,500,0.0
o,0,2.5,2,878.0,500,0.0
o,0,2.5,3,930.0,500,0.0
o,0,2.5,4,934.0,500,0.0
o,0,2.5,5,817.0,500,0.0
o,0,2.5,6,931.0,500,0.0
o,0,2.5,7,372.0,500,0.0
o,0,2.5,8,215.0,500,0.0
o,0,2.5,9,872.0,500,0.0
o,0,2.5,10,511.0,500,0.0
o,0,2.5,11,925.0,500,0.0
o,0,2.5,12,934.0,500,0.0
o,0,2.5,13,290.0,500,0.0
o,0,2.5,14,286.0,500,0.0
o,0,2.5,15,336.0,500,0.0
o,0,2.5,16,174.0,500,0.0
o,0,2.5,17,435.0,500,0.0
o,0,2.5,18,605.0,500,0.0
o,0,2.5,19,356.0,500,0.0
o,0,2.5,20,224.0,500,0.0
o,0,2.5,21,515.0,500,0.0
o,0,2.5,22,925.0,500,0.0
o,0,2.5,23,533.0,500,0.0
o,0,2.5,24,350.0,500,0.0
o,0,2.5,25,806.0,500,0.0
o,0,2.5,26,396.0,500,0.0
o,0,2.5,27,303.0,500,0.0
o,0,2.5,28,916.0,500,0.0
o,0,2.5,29,935.0,500,0.0
baseline,1,0.5,0,944.0,500,0.0
baseline,1,0.5,1,901.0,500,0.0
baseline,1,0.5,2,827.0,500,0.0
baseline,1,0.5,3,903.0,500,0.0
baseline,1,0.5,4,860.0,500,0.0
baseline,1,0.5,5,824.0,500,0.0
baseline,1,0.5,6,903.0,500,0.0
baseline,1,0.5,7,948.0,500,0.0
baseline,1,0.5,8,946.0,500,0.0
baseline,1,0.5,9,941.0,500,0.0
baseline,1,0.5,10,944.0,500,0.0
baseline,1,0.5,11,948.0,500,0.0
baseline,1,0.5,12,905.0,500,0.0
baseline,1,0.5,13,861.0,500,0.0
baseline,1,0.5,14,826.0,500,0.0
baseline,1,0.5,15,948.0,500,0.0
baseline,1,0.5,16,944.0,500,0.0
baseline,1,0.5,17,943.0,500,0.0
baseline,1,0.5,18,861.0,500,0.0
baseline,1,0.5,19,904.0,500,0.0
baseline,1,0.5,20,862.0,500,0.0
baseline,1,0.5,21,824.0,500,0.0
baseline,1,0.5,22,948.0,500,0.0
baseline,1,0.5,23,947.0,500,0.0
baseline,1,0.5,24,860.0,500,0.0
baseline,1,0.5,25,866.0,500,0.0
baseline,1,0.5,26,824.0,500,0.0
baseline,1,0.5,27,826.0,500,0.0
baseline,1,0.5,28,860.0,500,0.0
baseline,1,0.5,29,861.0,500,0.0
baseline,1,1.0,0,943.0,500,0.0
baseline,1,1.0,1,886.0,500,0.0
baseline,1,1.0,2,665.0,500,0.0
baseline,1,1.0,3,896.0,500,0.0
baseline,1,1.0,4,773.0,500,0.0
baseline,1,1.0,5,737.0,500,0.0
baseline,1,1.0,6,811.0,500,0.0
baseline,1,1.0,7,937.0,500,0.0
baseline,1,1.0,8,943.0,500,0.0
baseline,1,1.0,9,938.0,500,0.0
baseline,1,1.0,10,942.0,500,0.0
baseline,1,1.0,11,896.0,500,0.0
baseline,1,1.0,12,812.0,500,0.0
baseline,1,1.0,13,768.0,500,0.0
baseline,1,1.0,14,703.0,500,0.0
baseline,1,1.0,15,896.0,500,0.0
baseline,1,1.0,16,942.0,500,0.0
baseline,1,1.0,17,941.0,500,0.0
baseline,1,1.0,18,772.0,500,0.0
baseline,1,1.0,19,812.0,500,0.0
baseline,1,1.0,20,812.0,500,0.0
baseline,1,1.0,21,703.0,500,0.0
baseline,1,1.0,22,896.0,500,0.0
baseline,1,1.0,23,895.0,500,0.0
baseline,1,1.0,24,769.0,500,0.0
baseline,1,1.0,25,735.0,500,0.0
baseline,1,1.0,26,736.0,500,0.0
baseline,1,1.0,27,701.0,500,0.0
baseline,1,1.0,28,789.0,500,0.0
baseline,1,1.0,29,767.0,500,0.0
baseline,1,1.5,0,160.0,500,0.0
baseline,1,1.5,1,135.0,500,0.0
baseline,1,1.5,2,81.0,500,0.0
baseline,1,1.5,3,838.0,500,0.0
baseline,1,1.5,4,670.0,500,0.0
baseline,1,1.5,5,601.0,500,0.0
baseline,1,1.5,6,711.0,500,0.0
baseline,1,1.5,7,881.0,500,0.0
baseline,1,1.5,8,159.0,500,0.0
baseline,1,1.5,9,100.0,500,0.0
baseline,1,1.5,10,160.0,500,0.0
baseline,1,1.5,11,101.0,500,0.0
baseline,1,1.5,12,81.0,500,0.0
baseline,1,1.5,13,638.0,500,0.0
baseline,1,1.5,14,96.0,500,0.0
baseline,1,1.5,15,882.0,500,0.0
baseline,1,1.5,16,160.0,500,0.0
baseline,1,1.5,17,105.0,500,0.0
baseline,1,1.5,18,78.0,500,0.0
baseline,1,1.5,19,711.0,500,0.0
baseline,1,1.5,20,712.0,500,0.0
baseline,1,1.5,21,63.0,500,0.0
baseline,1,1.5,22,139.0,500,0.0
baseline,1,1.5,23,839.0,500,0.0
baseline,1,1.5,24,638.0,500,0.0
baseline,1,1.5,25,66.0,500,0.0
baseline,1,1.5,26,601.0,500,0.0
baseline,1,1.5,27,82.0,500,0.0
baseline,1,1.5,28,116.0,500,0.0
baseline,1,1.5,29,638.0,500,0.0
baseline,1,2.0,0,128.0,500,0.0
baseline,1,2.0,1,81.0,500,0.0
baseline,1,2.0,2,42.0,500,0.0
baseline,1,2.0,3,126.0,500,0.0
baseline,1,2.0,4,63.0,500,0.0
baseline,1,2.0,5,54.0,500,0.0
baseline,1,2.0,6,77.0,500,0.0
baseline,1,2.0,7,110.0,500,0.0
baseline,1,2.0,8,130.0,500,0.0
baseline,1,2.0,9,92.0,500,0.0
baseline,1,2.0,10,123.0,500,0.0
baseline,1,2.0,11,101.0,500,0.0
baseline,1,2.0,12,62.0,500,0.0
baseline,1,2.0,13,63.0,500,0.0
baseline,1,2.0,14,46.0,500,0.0
baseline,1,2.0,15,101.0,500,0.0
baseline,1,2.0,16,125.0,500,0.0
baseline,1,2.0,17,93.0,500,0.0
baseline,1,2.0,18,126.0,500,0.0
baseline,1,2.0,19,65.0,500,0.0
baseline,1,2.0,20,87.0,500,0.0
baseline,1,2.0,21,36.0,500,0.0
baseline,1,2.0,22,76.0,500,0.0
baseline,1,2.0,23,107.0,500,0.0
baseline,1,2.0,24,53.0,500,0.0
baseline,1,2.0,25,59.0,500,0.0
baseline,1,2.0,26,50.0,500,0.0
baseline,1,2.0,27,45.0,500,0.0
baseline,1,2.0,28,150.0,500,0.0
baseline,1,2.0,29,59.0,500,0.0
baseline,1,2.5,0,118.0,500,0.0
baseline,1,2.5,1,105.0,500,0.0
baseline,1,2.5,2,23.0,500,0.0
baseline,1,2.5,3,120.0,500,0.0
baseline,1,2.5,4,48.0,500,0.0
baseline,1,2.5,5,76.0,500,0.0
baseline,1,2.5,6,59.0,500,0.0
baseline,1,2.5,7,76.0,500,0.0
baseline,1,2.5,8,84.0,500,0.0
baseline,1,2.5,9,91.0,500,0.0
baseline,1,2.5,10,115.0,500,0.0
baseline,1,2.5,11,71.0,500,0.0
baseline,1,2.5,12,53.0,500,0.0
baseline,1,2.5,13,49.0,500,0.0
baseline,1,2.5,14,22.0,500,0.0
baseline,1,2.5,15,96.0,500,0.0
baseline,1,2.5,16,113.0,500,0.0
baseline,1,2.5,17,88.0,500,0.0
baseline,1,2.5,18,54.0,500,0.0
baseline,1,2.5,19,62.0,500,0.0
baseline,1,2.5,20,65.0,500,0.0
baseline,1,2.5,21,36.0,500,0.0
baseline,1,2.5,22,89.0,500,0.0
baseline,1,2.5,23,83.0,500,0.0
baseline,1,2.5,24,48.0,500,0.0
baseline,1,2.5,25,37.0,500,0.0
baseline,1,2.5,26,28.0,500,0.0
baseline,1,2.5,27,28.0,500,0.0
baseline,1,2.5,28,44.0,500,0.0
baseline,1,2.5,29,47.0,500,0.0
dr,1,0.5,0,938.0,500,0.0
dr,1,0.5,1,891.0,500,0.0
dr,1,0.5,2,816.0,500,0.0
dr,1,0.5,3,944.0,500,0.0
dr,1,0.5,4,846.0,500,0.0
dr,1,0.5,5,860.0,500,0.0
dr,1,0.5,6,900.0,500,0.0
dr,1,0.5,7,943.0,500,0.0
dr,1,0.5,8,940.0,500,0.0
dr,1,0.5,9,935.0,500,0.0
dr,1,0.5,10,938.0,500,0.0
dr,1,0.5,11,944.0,500,0.0
dr,1,0.5,12,899.0,500,0.0
dr,1,0.5,13,855.0,500,0.0
dr,1,0.5,14,811.0,500,0.0
dr,1,0.5,15,944.0,500,0.0
dr,1,0.5,16,938.0,500,0.0
dr,1,0.5,17,937.0,500,0.0
dr,1,0.5,18,846.0,500,0.0
dr,1,0.5,19,900.0,500,0.0
dr,1,0.5,20,898.0,500,0.0
dr,1,0.5,21,810.0,500,0.0
dr,1,0.5,22,944.0,500,0.0
dr,1,0.5,23,944.0,500,0.0
dr,1,0.5,24,855.0,500,0.0
dr,1,0.5,25,860.0,500,0.0
dr,1,0.5,26,860.0,500,0.0
dr,1,0.5,27,803.0,500,0.0
dr,1,0.5,28,848.0,500,0.0
dr,1,0.5,29,855.0,500,0.0
dr,1,1.0,0,936.0,500,0.0
dr,1,1.0,1,887.0,500,0.0
dr,1,1.0,2,650.0,500,0.0
dr,1,1.0,3,889.0,500,0.0
dr,1,1.0,4,763.0,500,0.0
dr,1,1.0,5,730.0,500,0.0
dr,1,1.0,6,807.0,500,0.0
dr,1,1.0,7,937.0,500,0.0
dr,1,1.0,8,939.0,500,0.0
dr,1,1.0,9,932.0,500,0.0
dr,1,1.0,10,936.0,500,0.0
dr,1,1.0,11,886.0,500,0.0
dr,1,1.0,12,799.0,500,0.0
dr,1,1.0,13,720.0,500,0.0
dr,1,1.0,14,696.0,500,0.0
dr,1,1.0,15,886.0,500,0.0
dr,1,1.0,16,936.0,500,0.0
dr,1,1.0,17,935.0,500,0.0
dr,1,1.0,18,766.0,500,0.0
dr,1,1.0,19,803.0,500,0.0
dr,1,1.0,20,802.0,500,0.0
dr,1,1.0,21,694.0,500,0.0
dr,1,1.0,22,887.0,500,0.0
dr,1,1.0,23,887.0,500,0.0
dr,1,1.0,24,720.0,500,0.0
dr,1,1.0,25,722.0,500,0.0
dr,1,1.0,26,731.0,500,0.0
dr,1,1.0,27,690.0,500,0.0
dr,1,1.0,28,756.0,500,0.0
dr,1,1.0,29,720.0,500,0.0
dr,1,1.5,0,935.0,500,0.0
dr,1,1.5,1,787.0,500,0.0
dr,1,1.5,2,540.0,500,0.0
dr,1,1.5,3,835.0,500,0.0
dr,1,1.5,4,677.0,500,0.0
dr,1,1.5,5,595.0,500,0.0
dr,1,1.5,6,713.0,500,0.0
dr,1,1.5,7,883.0,500,0.0
dr,1,1.5,8,937.0,500,0.0
dr,1,1.5,9,931.0,500,0.0
dr,1,1.5,10,935.0,500,0.0
dr,1,1.5,11,827.0,500,0.0
dr,1,1.5,12,699.0,500,0.0
dr,1,1.5,13,635.0,500,0.0
dr,1,1.5,14,519.0,500,0.0
dr,1,1.5,15,886.0,500,0.0
dr,1,1.5,16,935.0,500,0.0
dr,1,1.5,17,934.0,500,0.0
dr,1,1.5,18,617.0,500,0.0
dr,1,1.5,19,704.0,500,0.0
dr,1,1.5,20,705.0,500,0.0
dr,1,1.5,21,566.0,500,0.0
dr,1,1.5,22,833.0,500,0.0
dr,1,1.5,23,831.0,500,0.0
dr,1,1.5,24,633.0,500,0.0
dr,1,1.5,25,579.0,500,0.0
dr,1,1.5,26,599.0,500,0.0
dr,1,1.5,27,569.0,500,0.0
dr,1,1.5,28,666.0,500,0.0
dr,1,1.5,29,635.0,500,0.0
dr,1,2.0,0,933.0,500,0.0
dr,1,2.0,1,728.0,500,0.0
dr,1,2.0,2,363.0,500,0.0
dr,1,2.0,3,777.0,500,0.0
dr,1,2.0,4,529.0,500,0.0
dr,1,2.0,5,458.0,500,0.0
dr,1,2.0,6,618.0,500,0.0
dr,1,2.0,7,873.0,500,0.0
dr,1,2.0,8,932.0,500,0.0
dr,1,2.0,9,931.0,500,0.0
dr,1,2.0,10,932.0,500,0.0
dr,1,2.0,11,831.0,500,0.0
dr,1,2.0,12,658.0,500,0.0
dr,1,2.0,13,492.0,500,0.0
dr,1,2.0,14,395.0,500,0.0
dr,1,2.0,15,827.0,500,0.0
dr,1,2.0,16,932.0,500,0.0
dr,1,2.0,17,934.0,500,0.0
dr,1,2.0,18,536.0,500,0.0
dr,1,2.0,19,606.0,500,0.0
dr,1,2.0,20,606.0,500,0.0
dr,1,2.0,21,389.0,500,0.0
dr,1,2.0,22,829.0,500,0.0
dr,1,2.0,23,776.0,500,0.0
dr,1,2.0,24,486.0,500,0.0
dr,1,2.0,25,507.0,500,0.0
dr,1,2.0,26,465.0,500,0.0
dr,1,2.0,27,385.0,500,0.0
dr,1,2.0,28,573.0,500,0.0
dr,1,2.0,29,492.0,500,0.0
dr,1,2.5,0,388.0,500,0.0
dr,1,2.5,1,280.0,500,0.0
dr,1,2.5,2,108.0,500,0.0
dr,1,2.5,3,333.0,500,0.0
dr,1,2.5,4,216.0,500,0.0
dr,1,2.5,5,146.0,500,0.0
dr,1,2.5,6,249.0,500,0.0
dr,1,2.5,7,342.0,500,0.0
dr,1,2.5,8,389.0,500,0.0
dr,1,2.5,9,416.0,500,0.0
dr,1,2.5,10,398.0,500,0.0
dr,1,2.5,11,327.0,500,0.0
dr,1,2.5,12,219.0,500,0.0
dr,1,2.5,13,177.0,500,0.0
dr,1,2.5,14,127.0,500,0.0
dr,1,2.5,15,336.0,500,0.0
dr,1,2.5,16,385.0,500,0.0
dr,1,2.5,17,387.0,500,0.0
dr,1,2.5,18,214.0,500,0.0
dr,1,2.5,19,250.0,500,0.0
dr,1,2.5,20,258.0,500,0.0
dr,1,2.5,21,132.0,500,0.0
dr,1,2.5,22,340.0,500,0.0
dr,1,2.5,23,332.0,500,0.0
dr,1,2.5,24,203.0,500,0.0
dr,1,2.5,25,144.0,500,0.0
dr,1,2.5,26,150.0,500,0.0
dr,1,2.5,27,119.0,500,0.0
dr,1,2.5,28,171.0,500,0.0
dr,1,2.5,29,170.0,500,0.0
c,1,0.5,0,940.0,500,0.0
c,1,0.5,1,943.0,500,0.0
c,1,0.5,2,835.0,500,0.0
c,1,0.5,3,946.0,500,0.0
c,1,0.5,4,860.0,500,0.0
c,1,0.5,5,865.0,500,0.0
c,1,0.5,6,902.0,500,0.0
c,1,0.5,7,947.0,500,0.0
c,1,0.5,8,943.0,500,0.0
c,1,0.5,9,938.0,500,0.0
c,1,0.5,10,940.0,500,0.0
c,1,0.5,11,948.0,500,0.0
c,1,0.5,12,902.0,500,0.0
c,1,0.5,13,863.0,500,0.0
c,1,0.5,14,832.0,500,0.0
c,1,0.5,15,948.0,500,0.0
c,1,0.5,16,940.0,500,0.0
c,1,0.5,17,940.0,500,0.0
c,1,0.5,18,861.0,500,0.0
c,1,0.5,19,903.0,500,0.0
c,1,0.5,20,902.0,500,0.0
c,1,0.5,21,831.0,500,0.0
c,1,0.5,22,947.0,500,0.0
c,1,0.5,23,947.0,500,0.0
c,1,0.5,24,862.0,500,0.0
c,1,0.5,25,864.0,500,0.0
c,1,0.5,26,865.0,500,0.0
c,1,0.5,27,829.0,500,0.0
c,1,0.5,28,901.0,500,0.0
c,1,0.5,29,863.0,500,0.0
c,1,1.0,0,938.0,500,0.0
c,1,1.0,1,887.0,500,0.0
c,1,1.0,2,661.0,500,0.0
c,1,1.0,3,895.0,500,0.0
c,1,1.0,4,770.0,500,0.0
c,1,1.0,5,736.0,500,0.0
c,1,1.0,6,811.0,500,0.0
c,1,1.0,7,937.0,500,0.0
c,1,1.0,8,941.0,500,0.0
c,1,1.0,9,936.0,500,0.0
c,1,1.0,10,938.0,500,0.0
c,1,1.0,11,895.0,500,0.0
c,1,1.0,12,810.0,500,0.0
c,1,1.0,13,767.0,500,0.0
c,1,1.0,14,702.0,500,0.0
c,1,1.0,15,892.0,500,0.0
c,1,1.0,16,938.0,500,0.0
c,1,1.0,17,939.0,500,0.0
c,1,1.0,18,772.0,500,0.0
c,1,1.0,19,811.0,500,0.0
c,1,1.0,20,809.0,500,0.0
c,1,1.0,21,702.0,500,0.0
c,1,1.0,22,896.0,500,0.0
c,1,1.0,23,894.0,500,0.0
c,1,1.0,24,770.0,500,0.0
c,1,1.0,25,732.0,500,0.0
c,1,1.0,26,736.0,500,0.0
c,1,1.0,27,699.0,500,0.0
c,1,1.0,28,791.0,500,0.0
c,1,1.0,29,767.0,500,0.0
c,1,1.5,0,860.0,500,0.0
c,1,1.5,1,791.0,500,0.0
c,1,1.5,2,538.0,500,0.0
c,1,1.5,3,840.0,500,0.0
c,1,1.5,4,678.0,500,0.0
c,1,1.5,5,599.0,500,0.0
c,1,1.5,6,715.0,500,0.0
c,1,1.5,7,887.0,500,0.0
c,1,1.5,8,863.0,500,0.0
c,1,1.5,9,870.0,500,0.0
c,1,1.5,10,858.0,500,0.0
c,1,1.5,11,836.0,500,0.0
c,1,1.5,12,709.0,500,0.0
c,1,1.5,13,639.0,500,0.0
c,1,1.5,14,526.0,500,0.0
c,1,1.5,15,884.0,500,0.0
c,1,1.5,16,862.0,500,0.0
c,1,1.5,17,873.0,500,0.0
c,1,1.5,18,624.0,500,0.0
c,1,1.5,19,711.0,500,0.0
c,1,1.5,20,710.0,500,0.0
c,1,1.5,21,555.0,500,0.0
c,1,1.5,22,835.0,500,0.0
c,1,1.5,23,840.0,500,0.0
c,1,1.5,24,639.0,500,0.0
c,1,1.5,25,593.0,500,0.0
c,1,1.5,26,603.0,500,0.0
c,1,1.5,27,571.0,500,0.0
c,1,1.5,28,669.0,500,0.0
c,1,1.5,29,639.0,500,0.0
c,1,2.0,0,860.0,500,0.0
c,1,2.0,1,732.0,500,0.0
c,1,2.0,2,377.0,500,0.0
c,1,2.0,3,781.0,500,0.0
c,1,2.0,4,532.0,500,0.0
c,1,2.0,5,461.0,500,0.0
c,1,2.0,6,619.0,500,0.0
c,1,2.0,7,829.0,500,0.0
c,1,2.0,8,860.0,500,0.0
c,1,2.0,9,803.0,500,0.0
c,1,2.0,10,861.0,500,0.0
c,1,2.0,11,780.0,500,0.0
c,1,2.0,12,659.0,500,0.0
c,1,2.0,13,496.0,500,0.0
c,1,2.0,14,403.0,500,0.0
c,1,2.0,15,831.0,500,0.0
c,1,2.0,16,861.0,500,0.0
c,1,2.0,17,807.0,500,0.0
c,1,2.0,18,537.0,500,0.0
c,1,2.0,19,609.0,500,0.0
c,1,2.0,20,609.0,500,0.0
c,1,2.0,21,398.0,500,0.0
c,1,2.0,22,779.0,500,0.0
c,1,2.0,23,780.0,500,0.0
c,1,2.0,24,495.0,500,0.0
c,1,2.0,25,511.0,500,0.0
c,1,2.0,26,468.0,500,0.0
c,1,2.0,27,390.0,500,0.0
c,1,2.0,28,574.0,500,0.0
c,1,2.0,29,496.0,500,0.0
c,1,2.5,0,377.0,500,0.0
c,1,2.5,1,680.0,500,0.0
c,1,2.5,2,104.0,500,0.0
c,1,2.5,3,726.0,500,0.0
c,1,2.5,4,172.0,500,0.0
c,1,2.5,5,328.0,500,0.0
c,1,2.5,6,523.0,500,0.0
c,1,2.5,7,826.0,500,0.0
c,1,2.5,8,334.0,500,0.0
c,1,2.5,9,670.0,500,0.0
c,1,2.5,10,511.0,500,0.0
c,1,2.5,11,780.0,500,0.0
c,1,2.5,12,565.0,500,0.0
c,1,2.5,13,414.0,500,0.0
c,1,2.5,14,103.0,500,0.0
c,1,2.5,15,775.0,500,0.0
c,1,2.5,16,785.0,500,0.0
c,1,2.5,17,331.0,500,0.0
c,1,2.5,18,452.0,500,0.0
c,1,2.5,19,214.0,500,0.0
c,1,2.5,20,565.0,500,0.0
c,1,2.5,21,274.0,500,0.0
c,1,2.5,22,780.0,500,0.0
c,1,2.5,23,775.0,500,0.0
c,1,2.5,24,414.0,500,0.0
c,1,2.5,25,374.0,500,0.0
c,1,2.5,26,337.0,500,0.0
c,1,2.5,27,270.0,500,0.0
c,1,2.5,28,481.0,500,0.0
c,1,2.5,29,414.0,500,0.0
o,1,0.5,0,945.0,500,0.0
o,1,0.5,1,944.0,500,0.0
o,1,0.5,2,838.0,500,0.0
o,1,0.5,3,948.0,500,0.0
o,1,0.5,4,871.0,500,0.0
o,1,0.5,5,868.0,500,0.0
o,1,0.5,6,904.0,500,0.0
o,1,0.5,7,945.0,500,0.0
o,1,0.5,8,946.0,500,0.0
o,1,0.5,9,988.0,500,0.0
o,1,0.5,10,945.0,500,0.0
o,1,0.5,11,950.0,500,0.0
o,1,0.5,12,906.0,500,0.0
o,1,0.5,13,870.0,500,0.0
o,1,0.5,14,836.0,500,0.0
o,1,0.5,15,950.0,500,0.0
o,1,0.5,16,945.0,500,0.0
o,1,0.5,17,944.0,500,0.0
o,1,0.5,18,871.0,500,0.0
o,1,0.5,19,906.0,500,0.0
o,1,0.5,20,905.0,500,0.0
o,1,0.5,21,839.0,500,0.0
o,1,0.5,22,948.0,500,0.0
o,1,0.5,23,949.0,500,0.0
o,1,0.5,24,869.0,500,0.0
o,1,0.5,25,868.0,500,0.0
o,1,0.5,26,867.0,500,0.0
o,1,0.5,27,834.0,500,0.0
o,1,0.5,28,865.0,500,0.0
o,1,0.5,29,869.0,500,0.0
o,1,1.0,0,942.0,500,0.0
o,1,1.0,1,887.0,500,0.0
o,1,1.0,2,663.0,500,0.0
o,1,1.0,3,895.0,500,0.0
o,1,1.0,4,773.0,500,0.0
o,1,1.0,5,737.0,500,0.0
o,1,1.0,6,811.0,500,0.0
o,1,1.0,7,937.0,500,0.0
o,1,1.0,8,943.0,500,0.0
o,1,1.0,9,938.0,500,0.0
o,1,1.0,10,942.0,500,0.0
o,1,1.0,11,896.0,500,0.0
o,1,1.0,12,810.0,500,0.0
o,1,1.0,13,767.0,500,0.0
o,1,1.0,14,704.0,500,0.0
o,1,1.0,15,895.0,500,0.0
o,1,1.0,16,942.0,500,0.0
o,1,1.0,17,940.0,500,0.0
o,1,1.0,18,773.0,500,0.0
o,1,1.0,19,812.0,500,0.0
o,1,1.0,20,812.0,500,0.0
o,1,1.0,21,703.0,500,0.0
o,1,1.0,22,895.0,500,0.0
o,1,1.0,23,896.0,500,0.0
o,1,1.0,24,769.0,500,0.0
o,1,1.0,25,733.0,500,0.0
o,1,1.0,26,736.0,500,0.0
o,1,1.0,27,703.0,500,0.0
o,1,1.0,28,765.0,500,0.0
o,1,1.0,29,767.0,500,0.0
o,1,1.5,0,940.0,500,0.0
o,1,1.5,1,789.0,500,0.0
o,1,1.5,2,537.0,500,0.0
o,1,1.5,3,838.0,500,0.0
o,1,1.5,4,676.0,500,0.0
o,1,1.5,5,597.0,500,0.0
o,1,1.5,6,716.0,500,0.0
o,1,1.5,7,887.0,500,0.0
o,1,1.5,8,940.0,500,0.0
o,1,1.5,9,934.0,500,0.0
o,1,1.5,10,939.0,500,0.0
o,1,1.5,11,837.0,500,0.0
o,1,1.5,12,706.0,500,0.0
o,1,1.5,13,637.0,500,0.0
o,1,1.5,14,520.0,500,0.0
o,1,1.5,15,886.0,500,0.0
o,1,1.5,16,940.0,500,0.0
o,1,1.5,17,937.0,500,0.0
o,1,1.5,18,628.0,500,0.0
o,1,1.5,19,712.0,500,0.0
o,1,1.5,20,708.0,500,0.0
o,1,1.5,21,524.0,500,0.0
o,1,1.5,22,835.0,500,0.0
o,1,1.5,23,839.0,500,0.0
o,1,1.5,24,636.0,500,0.0
o,1,1.5,25,593.0,500,0.0
o,1,1.5,26,601.0,500,0.0
o,1,1.5,27,570.0,500,0.0
o,1,1.5,28,667.0,500,0.0
o,1,1.5,29,637.0,500,0.0
o,1,2.0,0,938.0,500,0.0
o,1,2.0,1,735.0,500,0.0
o,1,2.0,2,358.0,500,0.0
o,1,2.0,3,783.0,500,0.0
o,1,2.0,4,536.0,500,0.0
o,1,2.0,5,462.0,500,0.0
o,1,2.0,6,620.0,500,0.0
o,1,2.0,7,873.0,500,0.0
o,1,2.0,8,937.0,500,0.0
o,1,2.0,9,932.0,500,0.0
o,1,2.0,10,937.0,500,0.0
o,1,2.0,11,831.0,500,0.0
o,1,2.0,12,659.0,500,0.0
o,1,2.0,13,497.0,500,0.0
o,1,2.0,14,399.0,500,0.0
o,1,2.0,15,832.0,500,0.0
o,1,2.0,16,938.0,500,0.0
o,1,2.0,17,935.0,500,0.0
o,1,2.0,18,540.0,500,0.0
o,1,2.0,19,612.0,500,0.0
o,1,2.0,20,607.0,500,0.0
o,1,2.0,21,394.0,500,0.0
o,1,2.0,22,828.0,500,0.0
o,1,2.0,23,777.0,500,0.0
o,1,2.0,24,495.0,500,0.0
o,1,2.0,25,508.0,500,0.0
o,1,2.0,26,468.0,500,0.0
o,1,2.0,27,388.0,500,0.0
o,1,2.0,28,572.0,500,0.0
o,1,2.0,29,497.0,500,0.0
o,1,2.5,0,936.0,500,0.0
o,1,2.5,1,675.0,500,0.0
o,1,2.5,2,182.0,500,0.0
o,1,2.5,3,720.0,500,0.0
o,1,2.5,4,446.0,500,0.0
o,1,2.5,5,316.0,500,0.0
o,1,2.5,6,524.0,500,0.0
o,1,2.5,7,825.0,500,0.0
o,1,2.5,8,860.0,500,0.0
o,1,2.5,9,931.0,500,0.0
o,1,2.5,10,936.0,500,0.0
o,1,2.5,11,778.0,500,0.0
o,1,2.5,12,564.0,500,0.0
o,1,2.5,13,413.0,500,0.0
o,1,2.5,14,270.0,500,0.0
o,1,2.5,15,765.0,500,0.0
o,1,2.5,16,936.0,500,0.0
o,1,2.5,17,934.0,500,0.0
o,1,2.5,18,451.0,500,0.0
o,1,2.5,19,487.0,500,0.0
o,1,2.5,20,564.0,500,0.0
o,1,2.5,21,271.0,500,0.0
o,1,2.5,22,779.0,500,0.0
o,1,2.5,23,776.0,500,0.0
o,1,2.5,24,411.0,500,0.0
o,1,2.5,25,370.0,500,0.0
o,1,2.5,26,330.0,500,0.0
o,1,2.5,27,262.0,500,0.0
o,1,2.5,28,478.0,500,0.0
o,1,2.5,29,413.0,500,0.0
baseline,2,0.5,0,940.0,500,0.0
baseline,2,0.5,1,824.0,500,0.0
baseline,2,0.5,2,938.0,500,0.0
baseline,2,0.5,3,940.0,500,0.0
baseline,2,0.5,4,941.0,500,0.0
baseline,2,0.5,5,946.0,500,0.0
baseline,2,0.5,6,901.0,500,0.0
baseline,2,0.5,7,944.0,500,0.0
baseline,2,0.5,8,945.0,500,0.0
baseline,2,0.5,9,901.0,500,0.0
baseline,2,0.5,10,945.0,500,0.0
baseline,2,0.5,11,994.0,500,0.0
baseline,2,0.5,12,856.0,500,0.0
baseline,2,0.5,13,1000.0,500,0.0
baseline,2,0.5,14,902.0,500,0.0
baseline,2,0.5,15,897.0,500,0.0
baseline,2,0.5,16,859.0,500,0.0
baseline,2,0.5,17,1000.0,500,0.0
baseline,2,0.5,18,859.0,500,0.0
baseline,2,0.5,19,863.0,500,0.0
baseline,2,0.5,20,1000.0,500,0.0
baseline,2,0.5,21,821.0,500,0.0
baseline,2,0.5,22,940.0,500,0.0
baseline,2,0.5,23,860.0,500,0.0
baseline,2,0.5,24,856.0,500,0.0
baseline,2,0.5,25,943.0,500,0.0
baseline,2,0.5,26,899.0,500,0.0
baseline,2,0.5,27,860.0,500,0.0
baseline,2,0.5,28,899.0,500,0.0
baseline,2,0.5,29,946.0,500,0.0
baseline,2,1.0,0,938.0,500,0.0
baseline,2,1.0,1,700.0,500,0.0
baseline,2,1.0,2,936.0,500,0.0
baseline,2,1.0,3,938.0,500,0.0
baseline,2,1.0,4,939.0,500,0.0
baseline,2,1.0,5,896.0,500,0.0
baseline,2,1.0,6,809.0,500,0.0
baseline,2,1.0,7,943.0,500,0.0
baseline,2,1.0,8,895.0,500,0.0
baseline,2,1.0,9,847.0,500,0.0
baseline,2,1.0,10,943.0,500,0.0
baseline,2,1.0,11,981.0,500,0.0
baseline,2,1.0,12,771.0,500,0.0
baseline,2,1.0,13,1000.0,500,0.0
baseline,2,1.0,14,811.0,500,0.0
baseline,2,1.0,15,804.0,500,0.0
baseline,2,1.0,16,771.0,500,0.0
baseline,2,1.0,17,1000.0,500,0.0
baseline,2,1.0,18,771.0,500,0.0
baseline,2,1.0,19,737.0,500,0.0
baseline,2,1.0,20,1000.0,500,0.0
baseline,2,1.0,21,729.0,500,0.0
baseline,2,1.0,22,939.0,500,0.0
baseline,2,1.0,23,735.0,500,0.0
baseline,2,1.0,24,772.0,500,0.0
baseline,2,1.0,25,941.0,500,0.0
baseline,2,1.0,26,844.0,500,0.0
baseline,2,1.0,27,733.0,500,0.0
baseline,2,1.0,28,803.0,500,0.0
baseline,2,1.0,29,940.0,500,0.0
baseline,2,1.5,0,937.0,500,0.0
baseline,2,1.5,1,433.0,500,0.0
baseline,2,1.5,2,246.0,500,0.0
baseline,2,1.5,3,936.0,500,0.0
baseline,2,1.5,4,938.0,500,0.0
baseline,2,1.5,5,882.0,500,0.0
baseline,2,1.5,6,173.0,500,0.0
baseline,2,1.5,7,245.0,500,0.0
baseline,2,1.5,8,838.0,500,0.0
baseline,2,1.5,9,792.0,500,0.0
baseline,2,1.5,10,938.0,500,0.0
baseline,2,1.5,11,238.0,500,0.0
baseline,2,1.5,12,159.0,500,0.0
baseline,2,1.5,13,1000.0,500,0.0
baseline,2,1.5,14,713.0,500,0.0
baseline,2,1.5,15,750.0,500,0.0
baseline,2,1.5,16,671.0,500,0.0
baseline,2,1.5,17,1000.0,500,0.0
baseline,2,1.5,18,668.0,500,0.0
baseline,2,1.5,19,605.0,500,0.0
baseline,2,1.5,20,1000.0,500,0.0
baseline,2,1.5,21,144.0,500,0.0
baseline,2,1.5,22,937.0,500,0.0
baseline,2,1.5,23,595.0,500,0.0
baseline,2,1.5,24,630.0,500,0.0
baseline,2,1.5,25,245.0,500,0.0
baseline,2,1.5,26,752.0,500,0.0
baseline,2,1.5,27,624.0,500,0.0
baseline,2,1.5,28,754.0,500,0.0
baseline,2,1.5,29,220.0,500,0.0
baseline,2,2.0,0,198.0,500,0.0
baseline,2,2.0,1,76.0,500,0.0
baseline,2,2.0,2,167.0,500,0.0
baseline,2,2.0,3,211.0,500,0.0
baseline,2,2.0,4,204.0,500,0.0
baseline,2,2.0,5,189.0,500,0.0
baseline,2,2.0,6,110.0,500,0.0
baseline,2,2.0,7,203.0,500,0.0
baseline,2,2.0,8,143.0,500,0.0
baseline,2,2.0,9,740.0,500,0.0
baseline,2,2.0,10,203.0,500,0.0
baseline,2,2.0,11,167.0,500,0.0
baseline,2,2.0,12,115.0,500,0.0
baseline,2,2.0,13,1000.0,500,0.0
baseline,2,2.0,14,125.0,500,0.0
baseline,2,2.0,15,127.0,500,0.0
baseline,2,2.0,16,133.0,500,0.0
baseline,2,2.0,17,1000.0,500,0.0
baseline,2,2.0,18,129.0,500,0.0
baseline,2,2.0,19,94.0,500,0.0
baseline,2,2.0,20,1000.0,500,0.0
baseline,2,2.0,21,96.0,500,0.0
baseline,2,2.0,22,210.0,500,0.0
baseline,2,2.0,23,83.0,500,0.0
baseline,2,2.0,24,110.0,500,0.0
baseline,2,2.0,25,170.0,500,0.0
baseline,2,2.0,26,147.0,500,0.0
baseline,2,2.0,27,84.0,500,0.0
baseline,2,2.0,28,149.0,500,0.0
baseline,2,2.0,29,177.0,500,0.0
baseline,2,2.5,0,200.0,500,0.0
baseline,2,2.5,1,42.0,500,0.0
baseline,2,2.5,2,162.0,500,0.0
baseline,2,2.5,3,197.0,500,0.0
baseline,2,2.5,4,194.0,500,0.0
baseline,2,2.5,5,139.0,500,0.0
baseline,2,2.5,6,86.0,500,0.0
baseline,2,2.5,7,175.0,500,0.0
baseline,2,2.5,8,176.0,500,0.0
baseline,2,2.5,9,133.0,500,0.0
baseline,2,2.5,10,178.0,500,0.0
baseline,2,2.5,11,161.0,500,0.0
baseline,2,2.5,12,94.0,500,0.0
baseline,2,2.5,13,183.0,500,0.0
baseline,2,2.5,14,97.0,500,0.0
baseline,2,2.5,15,108.0,500,0.0
baseline,2,2.5,16,113.0,500,0.0
baseline,2,2.5,17,207.0,500,0.0
baseline,2,2.5,18,105.0,500,0.0
baseline,2,2.5,19,49.0,500,0.0
baseline,2,2.5,20,1000.0,500,0.0
baseline,2,2.5,21,63.0,500,0.0
baseline,2,2.5,22,195.0,500,0.0
baseline,2,2.5,23,68.0,500,0.0
baseline,2,2.5,24,407.0,500,0.0
baseline,2,2.5,25,162.0,500,0.0
baseline,2,2.5,26,115.0,500,0.0
baseline,2,2.5,27,97.0,500,0.0
baseline,2,2.5,28,120.0,500,0.0
baseline,2,2.5,29,190.0,500,0.0
dr,2,0.5,0,937.0,500,0.0
dr,2,0.5,1,817.0,500,0.0
dr,2,0.5,2,936.0,500,0.0
dr,2,0.5,3,937.0,500,0.0
dr,2,0.5,4,939.0,500,0.0
dr,2,0.5,5,943.0,500,0.0
dr,2,0.5,6,898.0,500,0.0
dr,2,0.5,7,942.0,500,0.0
dr,2,0.5,8,944.0,500,0.0
dr,2,0.5,9,897.0,500,0.0
dr,2,0.5,10,942.0,500,0.0
dr,2,0.5,11,994.0,500,0.0
dr,2,0.5,12,850.0,500,0.0
dr,2,0.5,13,1000.0,500,0.0
dr,2,0.5,14,900.0,500,0.0
dr,2,0.5,15,895.0,500,0.0
dr,2,0.5,16,856.0,500,0.0
dr,2,0.5,17,1000.0,500,0.0
dr,2,0.5,18,856.0,500,0.0
dr,2,0.5,19,861.0,500,0.0
dr,2,0.5,20,1000.0,500,0.0
dr,2,0.5,21,861.0,500,0.0
dr,2,0.5,22,939.0,500,0.0
dr,2,0.5,23,860.0,500,0.0
dr,2,0.5,24,850.0,500,0.0
dr,2,0.5,25,940.0,500,0.0
dr,2,0.5,26,894.0,500,0.0
dr,2,0.5,27,858.0,500,0.0
dr,2,0.5,28,894.0,500,0.0
dr,2,0.5,29,941.0,500,0.0
dr,2,1.0,0,935.0,500,0.0
dr,2,1.0,1,692.0,500,0.0
dr,2,1.0,2,933.0,500,0.0
dr,2,1.0,3,936.0,500,0.0
dr,2,1.0,4,937.0,500,0.0
dr,2,1.0,5,892.0,500,0.0
dr,2,1.0,6,805.0,500,0.0
dr,2,1.0,7,940.0,500,0.0
dr,2,1.0,8,891.0,500,0.0
dr,2,1.0,9,844.0,500,0.0
dr,2,1.0,10,940.0,500,0.0
dr,2,1.0,11,981.0,500,0.0
dr,2,1.0,12,768.0,500,0.0
dr,2,1.0,13,1000.0,500,0.0
dr,2,1.0,14,807.0,500,0.0
dr,2,1.0,15,802.0,500,0.0
dr,2,1.0,16,767.0,500,0.0
dr,2,1.0,17,1000.0,500,0.0
dr,2,1.0,18,767.0,500,0.0
dr,2,1.0,19,731.0,500,0.0
dr,2,1.0,20,1000.0,500,0.0
dr,2,1.0,21,729.0,500,0.0
dr,2,1.0,22,937.0,500,0.0
dr,2,1.0,23,729.0,500,0.0
dr,2,1.0,24,769.0,500,0.0
dr,2,1.0,25,938.0,500,0.0
dr,2,1.0,26,845.0,500,0.0
dr,2,1.0,27,728.0,500,0.0
dr,2,1.0,28,801.0,500,0.0
dr,2,1.0,29,938.0,500,0.0
dr,2,1.5,0,935.0,500,0.0
dr,2,1.5,1,486.0,500,0.0
dr,2,1.5,2,933.0,500,0.0
dr,2,1.5,3,935.0,500,0.0
dr,2,1.5,4,937.0,500,0.0
dr,2,1.5,5,884.0,500,0.0
dr,2,1.5,6,702.0,500,0.0
dr,2,1.5,7,937.0,500,0.0
dr,2,1.5,8,763.0,500,0.0
dr,2,1.5,9,792.0,500,0.0
dr,2,1.5,10,937.0,500,0.0
dr,2,1.5,11,925.0,500,0.0
dr,2,1.5,12,628.0,500,0.0
dr,2,1.5,13,1000.0,500,0.0
dr,2,1.5,14,713.0,500,0.0
dr,2,1.5,15,752.0,500,0.0
dr,2,1.5,16,675.0,500,0.0
dr,2,1.5,17,1000.0,500,0.0
dr,2,1.5,18,673.0,500,0.0
dr,2,1.5,19,546.0,500,0.0
dr,2,1.5,20,1000.0,500,0.0
dr,2,1.5,21,550.0,500,0.0
dr,2,1.5,22,936.0,500,0.0
dr,2,1.5,23,596.0,500,0.0
dr,2,1.5,24,634.0,500,0.0
dr,2,1.5,25,937.0,500,0.0
dr,2,1.5,26,690.0,500,0.0
dr,2,1.5,27,541.0,500,0.0
dr,2,1.5,28,698.0,500,0.0
dr,2,1.5,29,886.0,500,0.0
dr,2,2.0,0,934.0,500,0.0
dr,2,2.0,1,359.0,500,0.0
dr,2,2.0,2,932.0,500,0.0
dr,2,2.0,3,935.0,500,0.0
dr,2,2.0,4,936.0,500,0.0
dr,2,2.0,5,831.0,500,0.0
dr,2,2.0,6,611.0,500,0.0
dr,2,2.0,7,870.0,500,0.0
dr,2,2.0,8,781.0,500,0.0
dr,2,2.0,9,681.0,500,0.0
dr,2,2.0,10,874.0,500,0.0
dr,2,2.0,11,927.0,500,0.0
dr,2,2.0,12,454.0,500,0.0
dr,2,2.0,13,1000.0,500,0.0
dr,2,2.0,14,552.0,500,0.0
dr,2,2.0,15,657.0,500,0.0
dr,2,2.0,16,536.0,500,0.0
dr,2,2.0,17,1000.0,500,0.0
dr,2,2.0,18,528.0,500,0.0
dr,2,2.0,19,410.0,500,0.0
dr,2,2.0,20,1000.0,500,0.0
dr,2,2.0,21,428.0,500,0.0
dr,2,2.0,22,935.0,500,0.0
dr,2,2.0,23,460.0,500,0.0
dr,2,2.0,24,492.0,500,0.0
dr,2,2.0,25,936.0,500,0.0
dr,2,2.0,26,650.0,500,0.0
dr,2,2.0,27,452.0,500,0.0
dr,2,2.0,28,656.0,500,0.0
dr,2,2.0,29,826.0,500,0.0
dr,2,2.5,0,934.0,500,0.0
dr,2,2.5,1,185.0,500,0.0
dr,2,2.5,2,932.0,500,0.0
dr,2,2.5,3,934.0,500,0.0
dr,2,2.5,4,936.0,500,0.0
dr,2,2.5,5,711.0,500,0.0
dr,2,2.5,6,508.0,500,0.0
dr,2,2.5,7,879.0,500,0.0
dr,2,2.5,8,727.0,500,0.0
dr,2,2.5,9,637.0,500,0.0
dr,2,2.5,10,880.0,500,0.0
dr,2,2.5,11,926.0,500,0.0
dr,2,2.5,12,405.0,500,0.0
dr,2,2.5,13,928.0,500,0.0
dr,2,2.5,14,471.0,500,0.0
dr,2,2.5,15,488.0,500,0.0
dr,2,2.5,16,385.0,500,0.0
dr,2,2.5,17,1000.0,500,0.0
dr,2,2.5,18,442.0,500,0.0
dr,2,2.5,19,280.0,500,0.0
dr,2,2.5,20,1000.0,500,0.0
dr,2,2.5,21,240.0,500,0.0
dr,2,2.5,22,935.0,500,0.0
dr,2,2.5,23,328.0,500,0.0
dr,2,2.5,24,330.0,500,0.0
dr,2,2.5,25,933.0,500,0.0
dr,2,2.5,26,547.0,500,0.0
dr,2,2.5,27,315.0,500,0.0
dr,2,2.5,28,553.0,500,0.0
dr,2,2.5,29,825.0,500,0.0
c,2,0.5,0,942.0,500,0.0
c,2,0.5,1,835.0,500,0.0
c,2,0.5,2,941.0,500,0.0
c,2,0.5,3,941.0,500,0.0
c,2,0.5,4,943.0,500,0.0
c,2,0.5,5,947.0,500,0.0
c,2,0.5,6,902.0,500,0.0
c,2,0.5,7,946.0,500,0.0
c,2,0.5,8,946.0,500,0.0
c,2,0.5,9,903.0,500,0.0
c,2,0.5,10,946.0,500,0.0
c,2,0.5,11,994.0,500,0.0
c,2,0.5,12,852.0,500,0.0
c,2,0.5,13,1000.0,500,0.0
c,2,0.5,14,903.0,500,0.0
c,2,0.5,15,901.0,500,0.0
c,2,0.5,16,865.0,500,0.0
c,2,0.5,17,1000.0,500,0.0
c,2,0.5,18,866.0,500,0.0
c,2,0.5,19,864.0,500,0.0
c,2,0.5,20,1000.0,500,0.0
c,2,0.5,21,864.0,500,0.0
c,2,0.5,22,942.0,500,0.0
c,2,0.5,23,862.0,500,0.0
c,2,0.5,24,855.0,500,0.0
c,2,0.5,25,944.0,500,0.0
c,2,0.5,26,900.0,500,0.0
c,2,0.5,27,858.0,500,0.0
c,2,0.5,28,900.0,500,0.0
c,2,0.5,29,945.0,500,0.0
c,2,1.0,0,941.0,500,0.0
c,2,1.0,1,703.0,500,0.0
c,2,1.0,2,939.0,500,0.0
c,2,1.0,3,941.0,500,0.0
c,2,1.0,4,937.0,500,0.0
c,2,1.0,5,896.0,500,0.0
c,2,1.0,6,810.0,500,0.0
c,2,1.0,7,944.0,500,0.0
c,2,1.0,8,895.0,500,0.0
c,2,1.0,9,849.0,500,0.0
c,2,1.0,10,944.0,500,0.0
c,2,1.0,11,981.0,500,0.0
c,2,1.0,12,773.0,500,0.0
c,2,1.0,13,1000.0,500,0.0
c,2,1.0,14,811.0,500,0.0
c,2,1.0,15,805.0,500,0.0
c,2,1.0,16,772.0,500,0.0
c,2,1.0,17,1000.0,500,0.0
c,2,1.0,18,770.0,500,0.0
c,2,1.0,19,738.0,500,0.0
c,2,1.0,20,1000.0,500,0.0
c,2,1.0,21,727.0,500,0.0
c,2,1.0,22,937.0,500,0.0
c,2,1.0,23,736.0,500,0.0
c,2,1.0,24,772.0,500,0.0
c,2,1.0,25,943.0,500,0.0
c,2,1.0,26,844.0,500,0.0
c,2,1.0,27,732.0,500,0.0
c,2,1.0,28,806.0,500,0.0
c,2,1.0,29,940.0,500,0.0
c,2,1.5,0,931.0,500,0.0
c,2,1.5,1,530.0,500,0.0
c,2,1.5,2,872.0,500,0.0
c,2,1.5,3,876.0,500,0.0
c,2,1.5,4,933.0,500,0.0
c,2,1.5,5,832.0,500,0.0
c,2,1.5,6,709.0,500,0.0
c,2,1.5,7,938.0,500,0.0
c,2,1.5,8,790.0,500,0.0
c,2,1.5,9,795.0,500,0.0
c,2,1.5,10,938.0,500,0.0
c,2,1.5,11,863.0,500,0.0
c,2,1.5,12,633.0,500,0.0
c,2,1.5,13,1000.0,500,0.0
c,2,1.5,14,716.0,500,0.0
c,2,1.5,15,755.0,500,0.0
c,2,1.5,16,677.0,500,0.0
c,2,1.5,17,1000.0,500,0.0
c,2,1.5,18,676.0,500,0.0
c,2,1.5,19,605.0,500,0.0
c,2,1.5,20,1000.0,500,0.0
c,2,1.5,21,561.0,500,0.0
c,2,1.5,22,932.0,500,0.0
c,2,1.5,23,600.0,500,0.0
c,2,1.5,24,637.0,500,0.0
c,2,1.5,25,875.0,500,0.0
c,2,1.5,26,754.0,500,0.0
c,2,1.5,27,633.0,500,0.0
c,2,1.5,28,755.0,500,0.0
c,2,1.5,29,830.0,500,0.0
c,2,2.0,0,848.0,500,0.0
c,2,2.0,1,402.0,500,0.0
c,2,2.0,2,873.0,500,0.0
c,2,2.0,3,844.0,500,0.0
c,2,2.0,4,850.0,500,0.0
c,2,2.0,5,831.0,500,0.0
c,2,2.0,6,602.0,500,0.0
c,2,2.0,7,809.0,500,0.0
c,2,2.0,8,783.0,500,0.0
c,2,2.0,9,741.0,500,0.0
c,2,2.0,10,811.0,500,0.0
c,2,2.0,11,868.0,500,0.0
c,2,2.0,12,544.0,500,0.0
c,2,2.0,13,1000.0,500,0.0
c,2,2.0,14,620.0,500,0.0
c,2,2.0,15,656.0,500,0.0
c,2,2.0,16,536.0,500,0.0
c,2,2.0,17,1000.0,500,0.0
c,2,2.0,18,581.0,500,0.0
c,2,2.0,19,472.0,500,0.0
c,2,2.0,20,1000.0,500,0.0
c,2,2.0,21,428.0,500,0.0
c,2,2.0,22,772.0,500,0.0
c,2,2.0,23,457.0,500,0.0
c,2,2.0,24,545.0,500,0.0
c,2,2.0,25,937.0,500,0.0
c,2,2.0,26,650.0,500,0.0
c,2,2.0,27,509.0,500,0.0
c,2,2.0,28,654.0,500,0.0
c,2,2.0,29,762.0,500,0.0
c,2,2.5,0,578.0,500,0.0
c,2,2.5,1,153.0,500,0.0
c,2,2.5,2,587.0,500,0.0
c,2,2.5,3,577.0,500,0.0
c,2,2.5,4,581.0,500,0.0
c,2,2.5,5,491.0,500,0.0
c,2,2.5,6,351.0,500,0.0
c,2,2.5,7,529.0,500,0.0
c,2,2.5,8,487.0,500,0.0
c,2,2.5,9,475.0,500,0.0
c,2,2.5,10,531.0,500,0.0
c,2,2.5,11,582.0,500,0.0
c,2,2.5,12,257.0,500,0.0
c,2,2.5,13,563.0,500,0.0
c,2,2.5,14,354.0,500,0.0
c,2,2.5,15,370.0,500,0.0
c,2,2.5,16,307.0,500,0.0
c,2,2.5,17,704.0,500,0.0
c,2,2.5,18,297.0,500,0.0
c,2,2.5,19,247.0,500,0.0
c,2,2.5,20,698.0,500,0.0
c,2,2.5,21,224.0,500,0.0
c,2,2.5,22,580.0,500,0.0
c,2,2.5,23,249.0,500,0.0
c,2,2.5,24,266.0,500,0.0
c,2,2.5,25,644.0,500,0.0
c,2,2.5,26,390.0,500,0.0
c,2,2.5,27,250.0,500,0.0
c,2,2.5,28,392.0,500,0.0
c,2,2.5,29,495.0,500,0.0
o,2,0.5,0,937.0,500,0.0
o,2,0.5,1,833.0,500,0.0
o,2,0.5,2,981.0,500,0.0
o,2,0.5,3,937.0,500,0.0
o,2,0.5,4,939.0,500,0.0
o,2,0.5,5,949.0,500,0.0
o,2,0.5,6,908.0,500,0.0
o,2,0.5,7,946.0,500,0.0
o,2,0.5,8,947.0,500,0.0
o,2,0.5,9,936.0,500,0.0
o,2,0.5,10,946.0,500,0.0
o,2,0.5,11,994.0,500,0.0
o,2,0.5,12,869.0,500,0.0
o,2,0.5,13,1000.0,500,0.0
o,2,0.5,14,905.0,500,0.0
o,2,0.5,15,907.0,500,0.0
o,2,0.5,16,863.0,500,0.0
o,2,0.5,17,1000.0,500,0.0
o,2,0.5,18,887.0,500,0.0
o,2,0.5,19,868.0,500,0.0
o,2,0.5,20,1000.0,500,0.0
o,2,0.5,21,865.0,500,0.0
o,2,0.5,22,939.0,500,0.0
o,2,0.5,23,870.0,500,0.0
o,2,0.5,24,871.0,500,0.0
o,2,0.5,25,942.0,500,0.0
o,2,0.5,26,908.0,500,0.0
o,2,0.5,27,870.0,500,0.0
o,2,0.5,28,908.0,500,0.0
o,2,0.5,29,949.0,500,0.0
o,2,1.0,0,938.0,500,0.0
o,2,1.0,1,703.0,500,0.0
o,2,1.0,2,939.0,500,0.0
o,2,1.0,3,938.0,500,0.0
o,2,1.0,4,940.0,500,0.0
o,2,1.0,5,892.0,500,0.0
o,2,1.0,6,809.0,500,0.0
o,2,1.0,7,944.0,500,0.0
o,2,1.0,8,895.0,500,0.0
o,2,1.0,9,848.0,500,0.0
o,2,1.0,10,944.0,500,0.0
o,2,1.0,11,981.0,500,0.0
o,2,1.0,12,773.0,500,0.0
o,2,1.0,13,1000.0,500,0.0
o,2,1.0,14,810.0,500,0.0
o,2,1.0,15,804.0,500,0.0
o,2,1.0,16,772.0,500,0.0
o,2,1.0,17,1000.0,500,0.0
o,2,1.0,18,770.0,500,0.0
o,2,1.0,19,736.0,500,0.0
o,2,1.0,20,1000.0,500,0.0
o,2,1.0,21,724.0,500,0.0
o,2,1.0,22,939.0,500,0.0
o,2,1.0,23,736.0,500,0.0
o,2,1.0,24,771.0,500,0.0
o,2,1.0,25,942.0,500,0.0
o,2,1.0,26,846.0,500,0.0
o,2,1.0,27,731.0,500,0.0
o,2,1.0,28,799.0,500,0.0
o,2,1.0,29,940.0,500,0.0
o,2,1.5,0,937.0,500,0.0
o,2,1.5,1,530.0,500,0.0
o,2,1.5,2,935.0,500,0.0
o,2,1.5,3,937.0,500,0.0
o,2,1.5,4,939.0,500,0.0
o,2,1.5,5,887.0,500,0.0
o,2,1.5,6,709.0,500,0.0
o,2,1.5,7,939.0,500,0.0
o,2,1.5,8,838.0,500,0.0
o,2,1.5,9,794.0,500,0.0
o,2,1.5,10,938.0,500,0.0
o,2,1.5,11,931.0,500,0.0
o,2,1.5,12,634.0,500,0.0
o,2,1.5,13,1000.0,500,0.0
o,2,1.5,14,716.0,500,0.0
o,2,1.5,15,755.0,500,0.0
o,2,1.5,16,678.0,500,0.0
o,2,1.5,17,1000.0,500,0.0
o,2,1.5,18,677.0,500,0.0
o,2,1.5,19,605.0,500,0.0
o,2,1.5,20,1000.0,500,0.0
o,2,1.5,21,562.0,500,0.0
o,2,1.5,22,938.0,500,0.0
o,2,1.5,23,598.0,500,0.0
o,2,1.5,24,637.0,500,0.0
o,2,1.5,25,940.0,500,0.0
o,2,1.5,26,752.0,500,0.0
o,2,1.5,27,635.0,500,0.0
o,2,1.5,28,755.0,500,0.0
o,2,1.5,29,887.0,500,0.0
o,2,2.0,0,935.0,500,0.0
o,2,2.0,1,398.0,500,0.0
o,2,2.0,2,933.0,500,0.0
o,2,2.0,3,936.0,500,0.0
o,2,2.0,4,937.0,500,0.0
o,2,2.0,5,827.0,500,0.0
o,2,2.0,6,606.0,500,0.0
o,2,2.0,7,875.0,500,0.0
o,2,2.0,8,782.0,500,0.0
o,2,2.0,9,739.0,500,0.0
o,2,2.0,10,876.0,500,0.0
o,2,2.0,11,928.0,500,0.0
o,2,2.0,12,546.0,500,0.0
o,2,2.0,13,1000.0,500,0.0
o,2,2.0,14,620.0,500,0.0
o,2,2.0,15,657.0,500,0.0
o,2,2.0,16,531.0,500,0.0
o,2,2.0,17,1000.0,500,0.0
o,2,2.0,18,582.0,500,0.0
o,2,2.0,19,474.0,500,0.0
o,2,2.0,20,1000.0,500,0.0
o,2,2.0,21,422.0,500,0.0
o,2,2.0,22,937.0,500,0.0
o,2,2.0,23,462.0,500,0.0
o,2,2.0,24,544.0,500,0.0
o,2,2.0,25,938.0,500,0.0
o,2,2.0,26,642.0,500,0.0
o,2,2.0,27,509.0,500,0.0
o,2,2.0,28,649.0,500,0.0
o,2,2.0,29,881.0,500,0.0
o,2,2.5,0,934.0,500,0.0
o,2,2.5,1,214.0,500,0.0
o,2,2.5,2,931.0,500,0.0
o,2,2.5,3,934.0,500,0.0
o,2,2.5,4,936.0,500,0.0
o,2,2.5,5,770.0,500,0.0
o,2,2.5,6,563.0,500,0.0
o,2,2.5,7,875.0,500,0.0
o,2,2.5,8,722.0,500,0.0
o,2,2.5,9,688.0,500,0.0
o,2,2.5,10,875.0,500,0.0
o,2,2.5,11,926.0,500,0.0
o,2,2.5,12,394.0,500,0.0
o,2,2.5,13,928.0,500,0.0
o,2,2.5,14,524.0,500,0.0
o,2,2.5,15,554.0,500,0.0
o,2,2.5,16,446.0,500,0.0
o,2,2.5,17,1000.0,500,0.0
o,2,2.5,18,433.0,500,0.0
o,2,2.5,19,339.0,500,0.0
o,2,2.5,20,1000.0,500,0.0
o,2,2.5,21,294.0,500,0.0
o,2,2.5,22,935.0,500,0.0
o,2,2.5,23,378.0,500,0.0
o,2,2.5,24,405.0,500,0.0
o,2,2.5,25,933.0,500,0.0
o,2,2.5,26,602.0,500,0.0
o,2,2.5,27,369.0,500,0.0
o,2,2.5,28,605.0,500,0.0
o,2,2.5,29,821.0,500,0.0
baseline,3,0.5,0,942.0,500,0.0
baseline,3,0.5,1,901.0,500,0.0
baseline,3,0.5,2,903.0,500,0.0
baseline,3,0.5,3,1000.0,500,0.0
baseline,3,0.5,4,864.0,500,0.0
baseline,3,0.5,5,868.0,500,0.0
baseline,3,0.5,6,858.0,500,0.0
baseline,3,0.5,7,907.0,500,0.0
baseline,3,0.5,8,773.0,500,0.0
baseline,3,0.5,9,943.0,500,0.0
baseline,3,0.5,10,824.0,500,0.0
baseline,3,0.5,11,942.0,500,0.0
baseline,3,0.5,12,948.0,500,0.0
baseline,3,0.5,13,903.0,500,0.0
baseline,3,0.5,14,844.0,500,0.0
baseline,3,0.5,15,946.0,500,0.0
baseline,3,0.5,16,825.0,500,0.0
baseline,3,0.5,17,942.0,500,0.0
baseline,3,0.5,18,902.0,500,0.0
baseline,3,0.5,19,945.0,500,0.0
baseline,3,0.5,20,904.0,500,0.0
baseline,3,0.5,21,948.0,500,0.0
baseline,3,0.5,22,943.0,500,0.0
baseline,3,0.5,23,860.0,500,0.0
baseline,3,0.5,24,942.0,500,0.0
baseline,3,0.5,25,900.0,500,0.0
baseline,3,0.5,26,902.0,500,0.0
baseline,3,0.5,27,901.0,500,0.0
baseline,3,0.5,28,946.0,500,0.0
baseline,3,0.5,29,822.0,500,0.0
baseline,3,1.0,0,939.0,500,0.0
baseline,3,1.0,1,893.0,500,0.0
baseline,3,1.0,2,894.0,500,0.0
baseline,3,1.0,3,1000.0,500,0.0
baseline,3,1.0,4,732.0,500,0.0
baseline,3,1.0,5,733.0,500,0.0
baseline,3,1.0,6,771.0,500,0.0
baseline,3,1.0,7,811.0,500,0.0
baseline,3,1.0,8,696.0,500,0.0
baseline,3,1.0,9,941.0,500,0.0
baseline,3,1.0,10,701.0,500,0.0
baseline,3,1.0,11,939.0,500,0.0
baseline,3,1.0,12,940.0,500,0.0
baseline,3,1.0,13,885.0,500,0.0
baseline,3,1.0,14,895.0,500,0.0
baseline,3,1.0,15,943.0,500,0.0
baseline,3,1.0,16,703.0,500,0.0
baseline,3,1.0,17,941.0,500,0.0
baseline,3,1.0,18,851.0,500,0.0
baseline,3,1.0,19,943.0,500,0.0
baseline,3,1.0,20,891.0,500,0.0
baseline,3,1.0,21,893.0,500,0.0
baseline,3,1.0,22,941.0,500,0.0
baseline,3,1.0,23,771.0,500,0.0
baseline,3,1.0,24,939.0,500,0.0
baseline,3,1.0,25,807.0,500,0.0
baseline,3,1.0,26,896.0,500,0.0
baseline,3,1.0,27,806.0,500,0.0
baseline,3,1.0,28,944.0,500,0.0
baseline,3,1.0,29,693.0,500,0.0
baseline,3,1.5,0,114.0,500,0.0
baseline,3,1.5,1,833.0,500,0.0
baseline,3,1.5,2,138.0,500,0.0
baseline,3,1.5,3,1000.0,500,0.0
baseline,3,1.5,4,595.0,500,0.0
baseline,3,1.5,5,597.0,500,0.0
baseline,3,1.5,6,637.0,500,0.0
baseline,3,1.5,7,711.0,500,0.0
baseline,3,1.5,8,565.0,500,0.0
baseline,3,1.5,9,149.0,500,0.0
baseline,3,1.5,10,89.0,500,0.0
baseline,3,1.5,11,132.0,500,0.0
baseline,3,1.5,12,130.0,500,0.0
baseline,3,1.5,13,794.0,500,0.0
baseline,3,1.5,14,120.0,500,0.0
baseline,3,1.5,15,113.0,500,0.0
baseline,3,1.5,16,80.0,500,0.0
baseline,3,1.5,17,116.0,500,0.0
baseline,3,1.5,18,792.0,500,0.0
baseline,3,1.5,19,144.0,500,0.0
baseline,3,1.5,20,793.0,500,0.0
baseline,3,1.5,21,837.0,500,0.0
baseline,3,1.5,22,134.0,500,0.0
baseline,3,1.5,23,103.0,500,0.0
baseline,3,1.5,24,110.0,500,0.0
baseline,3,1.5,25,749.0,500,0.0
baseline,3,1.5,26,138.0,500,0.0
baseline,3,1.5,27,124.0,500,0.0
baseline,3,1.5,28,152.0,500,0.0
baseline,3,1.5,29,91.0,500,0.0
baseline,3,2.0,0,94.0,500,0.0
baseline,3,2.0,1,78.0,500,0.0
baseline,3,2.0,2,87.0,500,0.0
baseline,3,2.0,3,1000.0,500,0.0
baseline,3,2.0,4,52.0,500,0.0
baseline,3,2.0,5,55.0,500,0.0
baseline,3,2.0,6,67.0,500,0.0
baseline,3,2.0,7,60.0,500,0.0
baseline,3,2.0,8,82.0,500,0.0
baseline,3,2.0,9,99.0,500,0.0
baseline,3,2.0,10,43.0,500,0.0
baseline,3,2.0,11,101.0,500,0.0
baseline,3,2.0,12,81.0,500,0.0
baseline,3,2.0,13,109.0,500,0.0
baseline,3,2.0,14,89.0,500,0.0
baseline,3,2.0,15,97.0,500,0.0
baseline,3,2.0,16,45.0,500,0.0
baseline,3,2.0,17,99.0,500,0.0
baseline,3,2.0,18,72.0,500,0.0
baseline,3,2.0,19,103.0,500,0.0
baseline,3,2.0,20,92.0,500,0.0
baseline,3,2.0,21,101.0,500,0.0
baseline,3,2.0,22,100.0,500,0.0
baseline,3,2.0,23,52.0,500,0.0
baseline,3,2.0,24,93.0,500,0.0
baseline,3,2.0,25,653.0,500,0.0
baseline,3,2.0,26,79.0,500,0.0
baseline,3,2.0,27,87.0,500,0.0
baseline,3,2.0,28,127.0,500,0.0
baseline,3,2.0,29,430.0,500,0.0
baseline,3,2.5,0,89.0,500,0.0
baseline,3,2.5,1,70.0,500,0.0
baseline,3,2.5,2,67.0,500,0.0
baseline,3,2.5,3,1000.0,500,0.0
baseline,3,2.5,4,36.0,500,0.0
baseline,3,2.5,5,34.0,500,0.0
baseline,3,2.5,6,38.0,500,0.0
baseline,3,2.5,7,48.0,500,0.0
baseline,3,2.5,8,23.0,500,0.0
baseline,3,2.5,9,96.0,500,0.0
baseline,3,2.5,10,27.0,500,0.0
baseline,3,2.5,11,92.0,500,0.0
baseline,3,2.5,12,827.0,500,0.0
baseline,3,2.5,13,687.0,500,0.0
baseline,3,2.5,14,72.0,500,0.0
baseline,3,2.5,15,105.0,500,0.0
baseline,3,2.5,16,232.0,500,0.0
baseline,3,2.5,17,90.0,500,0.0
baseline,3,2.5,18,55.0,500,0.0
baseline,3,2.5,19,97.0,500,0.0
baseline,3,2.5,20,68.0,500,0.0
baseline,3,2.5,21,70.0,500,0.0
baseline,3,2.5,22,98.0,500,0.0
baseline,3,2.5,23,55.0,500,0.0
baseline,3,2.5,24,88.0,500,0.0
baseline,3,2.5,25,56.0,500,0.0
baseline,3,2.5,26,65.0,500,0.0
baseline,3,2.5,27,64.0,500,0.0
baseline,3,2.5,28,86.0,500,0.0
baseline,3,2.5,29,29.0,500,0.0
dr,3,0.5,0,882.0,500,0.0
dr,3,0.5,1,942.0,500,0.0
dr,3,0.5,2,943.0,500,0.0
dr,3,0.5,3,1000.0,500,0.0
dr,3,0.5,4,866.0,500,0.0
dr,3,0.5,5,866.0,500,0.0
dr,3,0.5,6,853.0,500,0.0
dr,3,0.5,7,898.0,500,0.0
dr,3,0.5,8,774.0,500,0.0
dr,3,0.5,9,938.0,500,0.0
dr,3,0.5,10,832.0,500,0.0
dr,3,0.5,11,937.0,500,0.0
dr,3,0.5,12,942.0,500,0.0
dr,3,0.5,13,941.0,500,0.0
dr,3,0.5,14,944.0,500,0.0
dr,3,0.5,15,939.0,500,0.0
dr,3,0.5,16,834.0,500,0.0
dr,3,0.5,17,813.0,500,0.0
dr,3,0.5,18,568.0,500,0.0
dr,3,0.5,19,941.0,500,0.0
dr,3,0.5,20,942.0,500,0.0
dr,3,0.5,21,943.0,500,0.0
dr,3,0.5,22,939.0,500,0.0
dr,3,0.5,23,890.0,500,0.0
dr,3,0.5,24,558.0,500,0.0
dr,3,0.5,25,899.0,500,0.0
dr,3,0.5,26,944.0,500,0.0
dr,3,0.5,27,896.0,500,0.0
dr,3,0.5,28,942.0,500,0.0
dr,3,0.5,29,862.0,500,0.0
dr,3,1.0,0,924.0,500,0.0
dr,3,1.0,1,892.0,500,0.0
dr,3,1.0,2,891.0,500,0.0
dr,3,1.0,3,1000.0,500,0.0
dr,3,1.0,4,724.0,500,0.0
dr,3,1.0,5,728.0,500,0.0
dr,3,1.0,6,723.0,500,0.0
dr,3,1.0,7,797.0,500,0.0
dr,3,1.0,8,696.0,500,0.0
dr,3,1.0,9,936.0,500,0.0
dr,3,1.0,10,654.0,500,0.0
dr,3,1.0,11,934.0,500,0.0
dr,3,1.0,12,938.0,500,0.0
dr,3,1.0,13,885.0,500,0.0
dr,3,1.0,14,886.0,500,0.0
dr,3,1.0,15,938.0,500,0.0
dr,3,1.0,16,657.0,500,0.0
dr,3,1.0,17,928.0,500,0.0
dr,3,1.0,18,843.0,500,0.0
dr,3,1.0,19,939.0,500,0.0
dr,3,1.0,20,890.0,500,0.0
dr,3,1.0,21,891.0,500,0.0
dr,3,1.0,22,936.0,500,0.0
dr,3,1.0,23,763.0,500,0.0
dr,3,1.0,24,918.0,500,0.0
dr,3,1.0,25,794.0,500,0.0
dr,3,1.0,26,888.0,500,0.0
dr,3,1.0,27,762.0,500,0.0
dr,3,1.0,28,940.0,500,0.0
dr,3,1.0,29,691.0,500,0.0
dr,3,1.5,0,928.0,500,0.0
dr,3,1.5,1,838.0,500,0.0
dr,3,1.5,2,840.0,500,0.0
dr,3,1.5,3,1000.0,500,0.0
dr,3,1.5,4,596.0,500,0.0
dr,3,1.5,5,594.0,500,0.0
dr,3,1.5,6,639.0,500,0.0
dr,3,1.5,7,684.0,500,0.0
dr,3,1.5,8,471.0,500,0.0
dr,3,1.5,9,935.0,500,0.0
dr,3,1.5,10,533.0,500,0.0
dr,3,1.5,11,933.0,500,0.0
dr,3,1.5,12,883.0,500,0.0
dr,3,1.5,13,761.0,500,0.0
dr,3,1.5,14,882.0,500,0.0
dr,3,1.5,15,937.0,500,0.0
dr,3,1.5,16,536.0,500,0.0
dr,3,1.5,17,930.0,500,0.0
dr,3,1.5,18,791.0,500,0.0
dr,3,1.5,19,938.0,500,0.0
dr,3,1.5,20,837.0,500,0.0
dr,3,1.5,21,829.0,500,0.0
dr,3,1.5,22,935.0,500,0.0
dr,3,1.5,23,679.0,500,0.0
dr,3,1.5,24,924.0,500,0.0
dr,3,1.5,25,754.0,500,0.0
dr,3,1.5,26,834.0,500,0.0
dr,3,1.5,27,754.0,500,0.0
dr,3,1.5,28,939.0,500,0.0
dr,3,1.5,29,564.0,500,0.0
dr,3,2.0,0,928.0,500,0.0
dr,3,2.0,1,787.0,500,0.0
dr,3,2.0,2,784.0,500,0.0
dr,3,2.0,3,1000.0,500,0.0
dr,3,2.0,4,451.0,500,0.0
dr,3,2.0,5,465.0,500,0.0
dr,3,2.0,6,507.0,500,0.0
dr,3,2.0,7,660.0,500,0.0
dr,3,2.0,8,386.0,500,0.0
dr,3,2.0,9,935.0,500,0.0
dr,3,2.0,10,345.0,500,0.0
dr,3,2.0,11,932.0,500,0.0
dr,3,2.0,12,881.0,500,0.0
dr,3,2.0,13,723.0,500,0.0
dr,3,2.0,14,829.0,500,0.0
dr,3,2.0,15,936.0,500,0.0
dr,3,2.0,16,358.0,500,0.0
dr,3,2.0,17,930.0,500,0.0
dr,3,2.0,18,743.0,500,0.0
dr,3,2.0,19,937.0,500,0.0
dr,3,2.0,20,782.0,500,0.0
dr,3,2.0,21,770.0,500,0.0
dr,3,2.0,22,935.0,500,0.0
dr,3,2.0,23,514.0,500,0.0
dr,3,2.0,24,926.0,500,0.0
dr,3,2.0,25,652.0,500,0.0
dr,3,2.0,26,766.0,500,0.0
dr,3,2.0,27,649.0,500,0.0
dr,3,2.0,28,928.0,500,0.0
dr,3,2.0,29,434.0,500,0.0
dr,3,2.5,0,928.0,500,0.0
dr,3,2.5,1,729.0,500,0.0
dr,3,2.5,2,733.0,500,0.0
dr,3,2.5,3,1000.0,500,0.0
dr,3,2.5,4,319.0,500,0.0
dr,3,2.5,5,318.0,500,0.0
dr,3,2.5,6,352.0,500,0.0
dr,3,2.5,7,566.0,500,0.0
dr,3,2.5,8,270.0,500,0.0
dr,3,2.5,9,934.0,500,0.0
dr,3,2.5,10,233.0,500,0.0
dr,3,2.5,11,787.0,500,0.0
dr,3,2.5,12,816.0,500,0.0
dr,3,2.5,13,670.0,500,0.0
dr,3,2.5,14,261.0,500,0.0
dr,3,2.5,15,935.0,500,0.0
dr,3,2.5,16,67.0,500,0.0
dr,3,2.5,17,931.0,500,0.0
dr,3,2.5,18,215.0,500,0.0
dr,3,2.5,19,324.0,500,0.0
dr,3,2.5,20,659.0,500,0.0
dr,3,2.5,21,699.0,500,0.0
dr,3,2.5,22,301.0,500,0.0
dr,3,2.5,23,447.0,500,0.0
dr,3,2.5,24,927.0,500,0.0
dr,3,2.5,25,546.0,500,0.0
dr,3,2.5,26,223.0,500,0.0
dr,3,2.5,27,606.0,500,0.0
dr,3,2.5,28,865.0,500,0.0
dr,3,2.5,29,254.0,500,0.0
c,3,0.5,0,939.0,500,0.0
c,3,0.5,1,945.0,500,0.0
c,3,0.5,2,901.0,500,0.0
c,3,0.5,3,1000.0,500,0.0
c,3,0.5,4,862.0,500,0.0
c,3,0.5,5,864.0,500,0.0
c,3,0.5,6,861.0,500,0.0
c,3,0.5,7,902.0,500,0.0
c,3,0.5,8,828.0,500,0.0
c,3,0.5,9,942.0,500,0.0
c,3,0.5,10,832.0,500,0.0
c,3,0.5,11,941.0,500,0.0
c,3,0.5,12,946.0,500,0.0
c,3,0.5,13,901.0,500,0.0
c,3,0.5,14,947.0,500,0.0
c,3,0.5,15,943.0,500,0.0
c,3,0.5,16,830.0,500,0.0
c,3,0.5,17,941.0,500,0.0
c,3,0.5,18,900.0,500,0.0
c,3,0.5,19,944.0,500,0.0
c,3,0.5,20,901.0,500,0.0
c,3,0.5,21,947.0,500,0.0
c,3,0.5,22,942.0,500,0.0
c,3,0.5,23,864.0,500,0.0
c,3,0.5,24,939.0,500,0.0
c,3,0.5,25,900.0,500,0.0
c,3,0.5,26,947.0,500,0.0
c,3,0.5,27,901.0,500,0.0
c,3,0.5,28,946.0,500,0.0
c,3,0.5,29,864.0,500,0.0
c,3,1.0,0,937.0,500,0.0
c,3,1.0,1,894.0,500,0.0
c,3,1.0,2,894.0,500,0.0
c,3,1.0,3,1000.0,500,0.0
c,3,1.0,4,733.0,500,0.0
c,3,1.0,5,734.0,500,0.0
c,3,1.0,6,770.0,500,0.0
c,3,1.0,7,808.0,500,0.0
c,3,1.0,8,700.0,500,0.0
c,3,1.0,9,940.0,500,0.0
c,3,1.0,10,704.0,500,0.0
c,3,1.0,11,938.0,500,0.0
c,3,1.0,12,940.0,500,0.0
c,3,1.0,13,885.0,500,0.0
c,3,1.0,14,896.0,500,0.0
c,3,1.0,15,941.0,500,0.0
c,3,1.0,16,703.0,500,0.0
c,3,1.0,17,938.0,500,0.0
c,3,1.0,18,851.0,500,0.0
c,3,1.0,19,943.0,500,0.0
c,3,1.0,20,891.0,500,0.0
c,3,1.0,21,896.0,500,0.0
c,3,1.0,22,940.0,500,0.0
c,3,1.0,23,771.0,500,0.0
c,3,1.0,24,936.0,500,0.0
c,3,1.0,25,797.0,500,0.0
c,3,1.0,26,894.0,500,0.0
c,3,1.0,27,805.0,500,0.0
c,3,1.0,28,944.0,500,0.0
c,3,1.0,29,692.0,500,0.0
c,3,1.5,0,869.0,500,0.0
c,3,1.5,1,834.0,500,0.0
c,3,1.5,2,791.0,500,0.0
c,3,1.5,3,1000.0,500,0.0
c,3,1.5,4,591.0,500,0.0
c,3,1.5,5,593.0,500,0.0
c,3,1.5,6,637.0,500,0.0
c,3,1.5,7,705.0,500,0.0
c,3,1.5,8,567.0,500,0.0
c,3,1.5,9,876.0,500,0.0
c,3,1.5,10,514.0,500,0.0
c,3,1.5,11,874.0,500,0.0
c,3,1.5,12,888.0,500,0.0
c,3,1.5,13,793.0,500,0.0
c,3,1.5,14,837.0,500,0.0
c,3,1.5,15,872.0,500,0.0
c,3,1.5,16,530.0,500,0.0
c,3,1.5,17,869.0,500,0.0
c,3,1.5,18,795.0,500,0.0
c,3,1.5,19,876.0,500,0.0
c,3,1.5,20,793.0,500,0.0
c,3,1.5,21,835.0,500,0.0
c,3,1.5,22,876.0,500,0.0
c,3,1.5,23,677.0,500,0.0
c,3,1.5,24,867.0,500,0.0
c,3,1.5,25,755.0,500,0.0
c,3,1.5,26,840.0,500,0.0
c,3,1.5,27,755.0,500,0.0
c,3,1.5,28,875.0,500,0.0
c,3,1.5,29,562.0,500,0.0
c,3,2.0,0,869.0,500,0.0
c,3,2.0,1,787.0,500,0.0
c,3,2.0,2,787.0,500,0.0
c,3,2.0,3,1000.0,500,0.0
c,3,2.0,4,508.0,500,0.0
c,3,2.0,5,510.0,500,0.0
c,3,2.0,6,539.0,500,0.0
c,3,2.0,7,661.0,500,0.0
c,3,2.0,8,438.0,500,0.0
c,3,2.0,9,876.0,500,0.0
c,3,2.0,10,399.0,500,0.0
c,3,2.0,11,873.0,500,0.0
c,3,2.0,12,830.0,500,0.0
c,3,2.0,13,736.0,500,0.0
c,3,2.0,14,782.0,500,0.0
c,3,2.0,15,872.0,500,0.0
c,3,2.0,16,406.0,500,0.0
c,3,2.0,17,870.0,500,0.0
c,3,2.0,18,742.0,500,0.0
c,3,2.0,19,875.0,500,0.0
c,3,2.0,20,782.0,500,0.0
c,3,2.0,21,783.0,500,0.0
c,3,2.0,22,876.0,500,0.0
c,3,2.0,23,583.0,500,0.0
c,3,2.0,24,866.0,500,0.0
c,3,2.0,25,653.0,500,0.0
c,3,2.0,26,785.0,500,0.0
c,3,2.0,27,654.0,500,0.0
c,3,2.0,28,928.0,500,0.0
c,3,2.0,29,430.0,500,0.0
c,3,2.5,0,870.0,500,0.0
c,3,2.5,1,732.0,500,0.0
c,3,2.5,2,328.0,500,0.0
c,3,2.5,3,1000.0,500,0.0
c,3,2.5,4,160.0,500,0.0
c,3,2.5,5,163.0,500,0.0
c,3,2.5,6,199.0,500,0.0
c,3,2.5,7,268.0,500,0.0
c,3,2.5,8,305.0,500,0.0
c,3,2.5,9,406.0,500,0.0
c,3,2.5,10,159.0,500,0.0
c,3,2.5,11,387.0,500,0.0
c,3,2.5,12,353.0,500,0.0
c,3,2.5,13,682.0,500,0.0
c,3,2.5,14,354.0,500,0.0
c,3,2.5,15,867.0,500,0.0
c,3,2.5,16,227.0,500,0.0
c,3,2.5,17,871.0,500,0.0
c,3,2.5,18,282.0,500,0.0
c,3,2.5,19,378.0,500,0.0
c,3,2.5,20,678.0,500,0.0
c,3,2.5,21,370.0,500,0.0
c,3,2.5,22,392.0,500,0.0
c,3,2.5,23,436.0,500,0.0
c,3,2.5,24,868.0,500,0.0
c,3,2.5,25,549.0,500,0.0
c,3,2.5,26,305.0,500,0.0
c,3,2.5,27,606.0,500,0.0
c,3,2.5,28,873.0,500,0.0
c,3,2.5,29,159.0,500,0.0
o,3,0.5,0,944.0,500,0.0
o,3,0.5,1,947.0,500,0.0
o,3,0.5,2,947.0,500,0.0
o,3,0.5,3,1000.0,500,0.0
o,3,0.5,4,868.0,500,0.0
o,3,0.5,5,869.0,500,0.0
o,3,0.5,6,870.0,500,0.0
o,3,0.5,7,908.0,500,0.0
o,3,0.5,8,860.0,500,0.0
o,3,0.5,9,941.0,500,0.0
o,3,0.5,10,832.0,500,0.0
o,3,0.5,11,938.0,500,0.0
o,3,0.5,12,950.0,500,0.0
o,3,0.5,13,943.0,500,0.0
o,3,0.5,14,950.0,500,0.0
o,3,0.5,15,948.0,500,0.0
o,3,0.5,16,832.0,500,0.0
o,3,0.5,17,945.0,500,0.0
o,3,0.5,18,924.0,500,0.0
o,3,0.5,19,943.0,500,0.0
o,3,0.5,20,945.0,500,0.0
o,3,0.5,21,949.0,500,0.0
o,3,0.5,22,941.0,500,0.0
o,3,0.5,23,870.0,500,0.0
o,3,0.5,24,985.0,500,0.0
o,3,0.5,25,907.0,500,0.0
o,3,0.5,26,949.0,500,0.0
o,3,0.5,27,908.0,500,0.0
o,3,0.5,28,948.0,500,0.0
o,3,0.5,29,834.0,500,0.0
o,3,1.0,0,940.0,500,0.0
o,3,1.0,1,894.0,500,0.0
o,3,1.0,2,894.0,500,0.0
o,3,1.0,3,1000.0,500,0.0
o,3,1.0,4,733.0,500,0.0
o,3,1.0,5,733.0,500,0.0
o,3,1.0,6,771.0,500,0.0
o,3,1.0,7,807.0,500,0.0
o,3,1.0,8,699.0,500,0.0
o,3,1.0,9,939.0,500,0.0
o,3,1.0,10,704.0,500,0.0
o,3,1.0,11,937.0,500,0.0
o,3,1.0,12,940.0,500,0.0
o,3,1.0,13,884.0,500,0.0
o,3,1.0,14,896.0,500,0.0
o,3,1.0,15,943.0,500,0.0
o,3,1.0,16,704.0,500,0.0
o,3,1.0,17,941.0,500,0.0
o,3,1.0,18,851.0,500,0.0
o,3,1.0,19,942.0,500,0.0
o,3,1.0,20,891.0,500,0.0
o,3,1.0,21,895.0,500,0.0
o,3,1.0,22,940.0,500,0.0
o,3,1.0,23,770.0,500,0.0
o,3,1.0,24,939.0,500,0.0
o,3,1.0,25,806.0,500,0.0
o,3,1.0,26,895.0,500,0.0
o,3,1.0,27,833.0,500,0.0
o,3,1.0,28,943.0,500,0.0
o,3,1.0,29,682.0,500,0.0
o,3,1.5,0,937.0,500,0.0
o,3,1.5,1,840.0,500,0.0
o,3,1.5,2,840.0,500,0.0
o,3,1.5,3,1000.0,500,0.0
o,3,1.5,4,633.0,500,0.0
o,3,1.5,5,588.0,500,0.0
o,3,1.5,6,636.0,500,0.0
o,3,1.5,7,698.0,500,0.0
o,3,1.5,8,565.0,500,0.0
o,3,1.5,9,936.0,500,0.0
o,3,1.5,10,519.0,500,0.0
o,3,1.5,11,934.0,500,0.0
o,3,1.5,12,887.0,500,0.0
o,3,1.5,13,780.0,500,0.0
o,3,1.5,14,883.0,500,0.0
o,3,1.5,15,941.0,500,0.0
o,3,1.5,16,525.0,500,0.0
o,3,1.5,17,938.0,500,0.0
o,3,1.5,18,795.0,500,0.0
o,3,1.5,19,939.0,500,0.0
o,3,1.5,20,837.0,500,0.0
o,3,1.5,21,838.0,500,0.0
o,3,1.5,22,936.0,500,0.0
o,3,1.5,23,675.0,500,0.0
o,3,1.5,24,936.0,500,0.0
o,3,1.5,25,754.0,500,0.0
o,3,1.5,26,837.0,500,0.0
o,3,1.5,27,755.0,500,0.0
o,3,1.5,28,940.0,500,0.0
o,3,1.5,29,559.0,500,0.0
o,3,2.0,0,933.0,500,0.0
o,3,2.0,1,786.0,500,0.0
o,3,2.0,2,785.0,500,0.0
o,3,2.0,3,1000.0,500,0.0
o,3,2.0,4,509.0,500,0.0
o,3,2.0,5,510.0,500,0.0
o,3,2.0,6,541.0,500,0.0
o,3,2.0,7,660.0,500,0.0
o,3,2.0,8,436.0,500,0.0
o,3,2.0,9,935.0,500,0.0
o,3,2.0,10,392.0,500,0.0
o,3,2.0,11,932.0,500,0.0
o,3,2.0,12,881.0,500,0.0
o,3,2.0,13,733.0,500,0.0
o,3,2.0,14,830.0,500,0.0
o,3,2.0,15,937.0,500,0.0
o,3,2.0,16,396.0,500,0.0
o,3,2.0,17,934.0,500,0.0
o,3,2.0,18,742.0,500,0.0
o,3,2.0,19,938.0,500,0.0
o,3,2.0,20,783.0,500,0.0
o,3,2.0,21,778.0,500,0.0
o,3,2.0,22,935.0,500,0.0
o,3,2.0,23,583.0,500,0.0
o,3,2.0,24,932.0,500,0.0
o,3,2.0,25,652.0,500,0.0
o,3,2.0,26,778.0,500,0.0
o,3,2.0,27,651.0,500,0.0
o,3,2.0,28,928.0,500,0.0
o,3,2.0,29,426.0,500,0.0
o,3,2.5,0,932.0,500,0.0
o,3,2.5,1,660.0,500,0.0
o,3,2.5,2,730.0,500,0.0
o,3,2.5,3,1000.0,500,0.0
o,3,2.5,4,369.0,500,0.0
o,3,2.5,5,371.0,500,0.0
o,3,2.5,6,406.0,500,0.0
o,3,2.5,7,560.0,500,0.0
o,3,2.5,8,306.0,500,0.0
o,3,2.5,9,933.0,500,0.0
o,3,2.5,10,270.0,500,0.0
o,3,2.5,11,930.0,500,0.0
o,3,2.5,12,821.0,500,0.0
o,3,2.5,13,677.0,500,0.0
o,3,2.5,14,773.0,500,0.0
o,3,2.5,15,936.0,500,0.0
o,3,2.5,16,215.0,500,0.0
o,3,2.5,17,933.0,500,0.0
o,3,2.5,18,636.0,500,0.0
o,3,2.5,19,936.0,500,0.0
o,3,2.5,20,728.0,500,0.0
o,3,2.5,21,773.0,500,0.0
o,3,2.5,22,933.0,500,0.0
o,3,2.5,23,431.0,500,0.0
o,3,2.5,24,931.0,500,0.0
o,3,2.5,25,604.0,500,0.0
o,3,2.5,26,724.0,500,0.0
o,3,2.5,27,606.0,500,0.0
o,3,2.5,28,874.0,500,0.0
o,3,2.5,29,296.0,500,0.0
baseline,4,0.5,0,0.0,500,0.0
baseline,4,0.5,1,982.0,500,0.0
baseline,4,0.5,2,0.0,500,0.0
baseline,4,0.5,3,892.0,500,0.0
baseline,4,0.5,4,892.0,500,0.0
baseline,4,0.5,5,848.0,500,0.0
baseline,4,0.5,6,0.0,500,0.0
baseline,4,0.5,7,0.0,500,0.0
baseline,4,0.5,8,855.0,500,0.0
baseline,4,0.5,9,921.0,500,0.0
baseline,4,0.5,10,889.0,500,0.0
baseline,4,0.5,11,0.0,500,0.0
baseline,4,0.5,12,0.0,500,0.0
baseline,4,0.5,13,0.0,500,0.0
baseline,4,0.5,14,0.0,500,0.0
baseline,4,0.5,15,945.0,500,0.0
baseline,4,0.5,16,0.0,500,0.0
baseline,4,0.5,17,932.0,500,0.0
baseline,4,0.5,18,0.0,500,0.0
baseline,4,0.5,19,0.0,500,0.0
baseline,4,0.5,20,921.0,500,0.0
baseline,4,0.5,21,0.0,500,0.0
baseline,4,0.5,22,890.0,500,0.0
baseline,4,0.5,23,0.0,500,0.0
baseline,4,0.5,24,0.0,500,0.0
baseline,4,0.5,25,760.0,500,0.0
baseline,4,0.5,26,946.0,500,0.0
baseline,4,0.5,27,756.0,500,0.0
baseline,4,0.5,28,892.0,500,0.0
baseline,4,0.5,29,928.0,500,0.0
baseline,4,1.0,0,0.0,500,0.0
baseline,4,1.0,1,858.0,500,0.0
baseline,4,1.0,2,0.0,500,0.0
baseline,4,1.0,3,880.0,500,0.0
baseline,4,1.0,4,883.0,500,0.0
baseline,4,1.0,5,397.0,500,0.0
baseline,4,1.0,6,0.0,500,0.0
baseline,4,1.0,7,0.0,500,0.0
baseline,4,1.0,8,755.0,500,0.0
baseline,4,1.0,9,920.0,500,0.0
baseline,4,1.0,10,708.0,500,0.0
baseline,4,1.0,11,0.0,500,0.0
baseline,4,1.0,12,0.0,500,0.0
baseline,4,1.0,13,0.0,500,0.0
baseline,4,1.0,14,0.0,500,0.0
baseline,4,1.0,15,874.0,500,0.0
baseline,4,1.0,16,0.0,500,0.0
baseline,4,1.0,17,924.0,500,0.0
baseline,4,1.0,18,0.0,500,0.0
baseline,4,1.0,19,0.0,500,0.0
baseline,4,1.0,20,919.0,500,0.0
baseline,4,1.0,21,0.0,500,0.0
baseline,4,1.0,22,707.0,500,0.0
baseline,4,1.0,23,0.0,500,0.0
baseline,4,1.0,24,0.0,500,0.0
baseline,4,1.0,25,0.0,500,0.0
baseline,4,1.0,26,875.0,500,0.0
baseline,4,1.0,27,0.0,500,0.0
baseline,4,1.0,28,786.0,500,0.0
baseline,4,1.0,29,924.0,500,0.0
baseline,4,1.5,0,0.0,500,0.0
baseline,4,1.5,1,0.0,500,0.0
baseline,4,1.5,2,0.0,500,0.0
baseline,4,1.5,3,0.0,500,0.0
baseline,4,1.5,4,0.0,500,0.0
baseline,4,1.5,5,0.0,500,0.0
baseline,4,1.5,6,0.0,500,0.0
baseline,4,1.5,7,0.0,500,0.0
baseline,4,1.5,8,0.0,500,0.0
baseline,4,1.5,9,0.0,500,0.0
baseline,4,1.5,10,0.0,500,0.0
baseline,4,1.5,11,0.0,500,0.0
baseline,4,1.5,12,0.0,500,0.0
baseline,4,1.5,13,0.0,500,0.0
baseline,4,1.5,14,0.0,500,0.0
baseline,4,1.5,15,0.0,500,0.0
baseline,4,1.5,16,0.0,500,0.0
baseline,4,1.5,17,0.0,500,0.0
baseline,4,1.5,18,0.0,500,0.0
baseline,4,1.5,19,0.0,500,0.0
baseline,4,1.5,20,0.0,500,0.0
baseline,4,1.5,21,0.0,500,0.0
baseline,4,1.5,22,0.0,500,0.0
baseline,4,1.5,23,0.0,500,0.0
baseline,4,1.5,24,0.0,500,0.0
baseline,4,1.5,25,0.0,500,0.0
baseline,4,1.5,26,0.0,500,0.0
baseline,4,1.5,27,0.0,500,0.0
baseline,4,1.5,28,0.0,500,0.0
baseline,4,1.5,29,0.0,500,0.0
baseline,4,2.0,0,0.0,500,0.0
baseline,4,2.0,1,0.0,500,0.0
baseline,4,2.0,2,0.0,500,0.0
baseline,4,2.0,3,0.0,500,0.0
baseline,4,2.0,4,0.0,500,0.0
baseline,4,2.0,5,0.0,500,0.0
baseline,4,2.0,6,0.0,500,0.0
baseline,4,2.0,7,0.0,500,0.0
baseline,4,2.0,8,0.0,500,0.0
baseline,4,2.0,9,0.0,500,0.0
baseline,4,2.0,10,0.0,500,0.0
baseline,4,2.0,11,0.0,500,0.0
baseline,4,2.0,12,0.0,500,0.0
baseline,4,2.0,13,0.0,500,0.0
baseline,4,2.0,14,0.0,500,0.0
baseline,4,2.0,15,0.0,500,0.0
baseline,4,2.0,16,0.0,500,0.0
baseline,4,2.0,17,0.0,500,0.0
baseline,4,2.0,18,0.0,500,0.0
baseline,4,2.0,19,0.0,500,0.0
baseline,4,2.0,20,0.0,500,0.0
baseline,4,2.0,21,0.0,500,0.0
baseline,4,2.0,22,0.0,500,0.0
baseline,4,2.0,23,0.0,500,0.0
baseline,4,2.0,24,0.0,500,0.0
baseline,4,2.0,25,0.0,500,0.0
baseline,4,2.0,26,0.0,500,0.0
baseline,4,2.0,27,0.0,500,0.0
baseline,4,2.0,28,0.0,500,0.0
baseline,4,2.0,29,0.0,500,0.0
baseline,4,2.5,0,0.0,500,0.0
baseline,4,2.5,1,0.0,500,0.0
baseline,4,2.5,2,0.0,500,0.0
baseline,4,2.5,3,0.0,500,0.0
baseline,4,2.5,4,0.0,500,0.0
baseline,4,2.5,5,0.0,500,0.0
baseline,4,2.5,6,0.0,500,0.0
baseline,4,2.5,7,0.0,500,0.0
baseline,4,2.5,8,0.0,500,0.0
baseline,4,2.5,9,0.0,500,0.0
baseline,4,2.5,10,0.0,500,0.0
baseline,4,2.5,11,0.0,500,0.0
baseline,4,2.5,12,0.0,500,0.0
baseline,4,2.5,13,0.0,500,0.0
baseline,4,2.5,14,0.0,500,0.0
baseline,4,2.5,15,0.0,500,0.0
baseline,4,2.5,16,0.0,500,0.0
baseline,4,2.5,17,0.0,500,0.0
baseline,4,2.5,18,0.0,500,0.0
baseline,4,2.5,19,0.0,500,0.0
baseline,4,2.5,20,0.0,500,0.0
baseline,4,2.5,21,0.0,500,0.0
baseline,4,2.5,22,0.0,500,0.0
baseline,4,2.5,23,0.0,500,0.0
baseline,4,2.5,24,0.0,500,0.0
baseline,4,2.5,25,0.0,500,0.0
baseline,4,2.5,26,0.0,500,0.0
baseline,4,2.5,27,0.0,500,0.0
baseline,4,2.5,28,0.0,500,0.0
baseline,4,2.5,29,0.0,500,0.0
dr,4,0.5,0,813.0,500,0.0
dr,4,0.5,1,938.0,500,0.0
dr,4,0.5,2,812.0,500,0.0
dr,4,0.5,3,891.0,500,0.0
dr,4,0.5,4,945.0,500,0.0
dr,4,0.5,5,900.0,500,0.0
dr,4,0.5,6,814.0,500,0.0
dr,4,0.5,7,803.0,500,0.0
dr,4,0.5,8,888.0,500,0.0
dr,4,0.5,9,940.0,500,0.0
dr,4,0.5,10,899.0,500,0.0
dr,4,0.5,11,903.0,500,0.0
dr,4,0.5,12,850.0,500,0.0
dr,4,0.5,13,817.0,500,0.0
dr,4,0.5,14,849.0,500,0.0
dr,4,0.5,15,942.0,500,0.0
dr,4,0.5,16,795.0,500,0.0
dr,4,0.5,17,943.0,500,0.0
dr,4,0.5,18,765.0,500,0.0
dr,4,0.5,19,811.0,500,0.0
dr,4,0.5,20,940.0,500,0.0
dr,4,0.5,21,811.0,500,0.0
dr,4,0.5,22,901.0,500,0.0
dr,4,0.5,23,852.0,500,0.0
dr,4,0.5,24,850.0,500,0.0
dr,4,0.5,25,0.0,500,0.0
dr,4,0.5,26,942.0,500,0.0
dr,4,0.5,27,849.0,500,0.0
dr,4,0.5,28,889.0,500,0.0
dr,4,0.5,29,942.0,500,0.0
dr,4,1.0,0,694.0,500,0.0
dr,4,1.0,1,935.0,500,0.0
dr,4,1.0,2,696.0,500,0.0
dr,4,1.0,3,838.0,500,0.0
dr,4,1.0,4,891.0,500,0.0
dr,4,1.0,5,799.0,500,0.0
dr,4,1.0,6,696.0,500,0.0
dr,4,1.0,7,678.0,500,0.0
dr,4,1.0,8,846.0,500,0.0
dr,4,1.0,9,938.0,500,0.0
dr,4,1.0,10,798.0,500,0.0
dr,4,1.0,11,806.0,500,0.0
dr,4,1.0,12,771.0,500,0.0
dr,4,1.0,13,695.0,500,0.0
dr,4,1.0,14,758.0,500,0.0
dr,4,1.0,15,940.0,500,0.0
dr,4,1.0,16,675.0,500,0.0
dr,4,1.0,17,941.0,500,0.0
dr,4,1.0,18,0.0,500,0.0
dr,4,1.0,19,690.0,500,0.0
dr,4,1.0,20,938.0,500,0.0
dr,4,1.0,21,686.0,500,0.0
dr,4,1.0,22,797.0,500,0.0
dr,4,1.0,23,772.0,500,0.0
dr,4,1.0,24,758.0,500,0.0
dr,4,1.0,25,733.0,500,0.0
dr,4,1.0,26,940.0,500,0.0
dr,4,1.0,27,758.0,500,0.0
dr,4,1.0,28,840.0,500,0.0
dr,4,1.0,29,940.0,500,0.0
dr,4,1.5,0,517.0,500,0.0
dr,4,1.5,1,934.0,500,0.0
dr,4,1.5,2,521.0,500,0.0
dr,4,1.5,3,838.0,500,0.0
dr,4,1.5,4,836.0,500,0.0
dr,4,1.5,5,756.0,500,0.0
dr,4,1.5,6,522.0,500,0.0
dr,4,1.5,7,0.0,500,0.0
dr,4,1.5,8,797.0,500,0.0
dr,4,1.5,9,937.0,500,0.0
dr,4,1.5,10,756.0,500,0.0
dr,4,1.5,11,710.0,500,0.0
dr,4,1.5,12,629.0,500,0.0
dr,4,1.5,13,0.0,500,0.0
dr,4,1.5,14,670.0,500,0.0
dr,4,1.5,15,939.0,500,0.0
dr,4,1.5,16,0.0,500,0.0
dr,4,1.5,17,939.0,500,0.0
dr,4,1.5,18,0.0,500,0.0
dr,4,1.5,19,567.0,500,0.0
dr,4,1.5,20,937.0,500,0.0
dr,4,1.5,21,564.0,500,0.0
dr,4,1.5,22,751.0,500,0.0
dr,4,1.5,23,629.0,500,0.0
dr,4,1.5,24,665.0,500,0.0
dr,4,1.5,25,551.0,500,0.0
dr,4,1.5,26,939.0,500,0.0
dr,4,1.5,27,668.0,500,0.0
dr,4,1.5,28,790.0,500,0.0
dr,4,1.5,29,939.0,500,0.0
dr,4,2.0,0,400.0,500,0.0
dr,4,2.0,1,933.0,500,0.0
dr,4,2.0,2,352.0,500,0.0
dr,4,2.0,3,785.0,500,0.0
dr,4,2.0,4,782.0,500,0.0
dr,4,2.0,5,657.0,500,0.0
dr,4,2.0,6,354.0,500,0.0
dr,4,2.0,7,0.0,500,0.0
dr,4,2.0,8,692.0,500,0.0
dr,4,2.0,9,936.0,500,0.0
dr,4,2.0,10,655.0,500,0.0
dr,4,2.0,11,613.0,500,0.0
dr,4,2.0,12,543.0,500,0.0
dr,4,2.0,13,0.0,500,0.0
dr,4,2.0,14,580.0,500,0.0
dr,4,2.0,15,938.0,500,0.0
dr,4,2.0,16,0.0,500,0.0
dr,4,2.0,17,880.0,500,0.0
dr,4,2.0,18,0.0,500,0.0
dr,4,2.0,19,389.0,500,0.0
dr,4,2.0,20,936.0,500,0.0
dr,4,2.0,21,437.0,500,0.0
dr,4,2.0,22,660.0,500,0.0
dr,4,2.0,23,546.0,500,0.0
dr,4,2.0,24,573.0,500,0.0
dr,4,2.0,25,408.0,500,0.0
dr,4,2.0,26,937.0,500,0.0
dr,4,2.0,27,577.0,500,0.0
dr,4,2.0,28,742.0,500,0.0
dr,4,2.0,29,938.0,500,0.0
dr,4,2.5,0,60.0,500,0.0
dr,4,2.5,1,262.0,500,0.0
dr,4,2.5,2,234.0,500,0.0
dr,4,2.5,3,732.0,500,0.0
dr,4,2.5,4,208.0,500,0.0
dr,4,2.5,5,112.0,500,0.0
dr,4,2.5,6,0.0,500,0.0
dr,4,2.5,7,0.0,500,0.0
dr,4,2.5,8,141.0,500,0.0
dr,4,2.5,9,179.0,500,0.0
dr,4,2.5,10,157.0,500,0.0
dr,4,2.5,11,155.0,500,0.0
dr,4,2.5,12,128.0,500,0.0
dr,4,2.5,13,0.0,500,0.0
dr,4,2.5,14,136.0,500,0.0
dr,4,2.5,15,933.0,500,0.0
dr,4,2.5,16,0.0,500,0.0
dr,4,2.5,17,260.0,500,0.0
dr,4,2.5,18,0.0,500,0.0
dr,4,2.5,19,79.0,500,0.0
dr,4,2.5,20,177.0,500,0.0
dr,4,2.5,21,78.0,500,0.0
dr,4,2.5,22,155.0,500,0.0
dr,4,2.5,23,133.0,500,0.0
dr,4,2.5,24,102.0,500,0.0
dr,4,2.5,25,86.0,500,0.0
dr,4,2.5,26,927.0,500,0.0
dr,4,2.5,27,118.0,500,0.0
dr,4,2.5,28,691.0,500,0.0
dr,4,2.5,29,208.0,500,0.0
c,4,0.5,0,834.0,500,0.0
c,4,0.5,1,941.0,500,0.0
c,4,0.5,2,835.0,500,0.0
c,4,0.5,3,901.0,500,0.0
c,4,0.5,4,946.0,500,0.0
c,4,0.5,5,900.0,500,0.0
c,4,0.5,6,835.0,500,0.0
c,4,0.5,7,836.0,500,0.0
c,4,0.5,8,900.0,500,0.0
c,4,0.5,9,944.0,500,0.0
c,4,0.5,10,901.0,500,0.0
c,4,0.5,11,903.0,500,0.0
c,4,0.5,12,857.0,500,0.0
c,4,0.5,13,834.0,500,0.0
c,4,0.5,14,860.0,500,0.0
c,4,0.5,15,945.0,500,0.0
c,4,0.5,16,826.0,500,0.0
c,4,0.5,17,947.0,500,0.0
c,4,0.5,18,825.0,500,0.0
c,4,0.5,19,830.0,500,0.0
c,4,0.5,20,944.0,500,0.0
c,4,0.5,21,860.0,500,0.0
c,4,0.5,22,901.0,500,0.0
c,4,0.5,23,858.0,500,0.0
c,4,0.5,24,861.0,500,0.0
c,4,0.5,25,867.0,500,0.0
c,4,0.5,26,946.0,500,0.0
c,4,0.5,27,861.0,500,0.0
c,4,0.5,28,903.0,500,0.0
c,4,0.5,29,946.0,500,0.0
c,4,1.0,0,702.0,500,0.0
c,4,1.0,1,938.0,500,0.0
c,4,1.0,2,702.0,500,0.0
c,4,1.0,3,892.0,500,0.0
c,4,1.0,4,894.0,500,0.0
c,4,1.0,5,808.0,500,0.0
c,4,1.0,6,702.0,500,0.0
c,4,1.0,7,668.0,500,0.0
c,4,1.0,8,851.0,500,0.0
c,4,1.0,9,942.0,500,0.0
c,4,1.0,10,804.0,500,0.0
c,4,1.0,11,810.0,500,0.0
c,4,1.0,12,772.0,500,0.0
c,4,1.0,13,703.0,500,0.0
c,4,1.0,14,769.0,500,0.0
c,4,1.0,15,943.0,500,0.0
c,4,1.0,16,678.0,500,0.0
c,4,1.0,17,945.0,500,0.0
c,4,1.0,18,702.0,500,0.0
c,4,1.0,19,700.0,500,0.0
c,4,1.0,20,942.0,500,0.0
c,4,1.0,21,698.0,500,0.0
c,4,1.0,22,809.0,500,0.0
c,4,1.0,23,773.0,500,0.0
c,4,1.0,24,803.0,500,0.0
c,4,1.0,25,737.0,500,0.0
c,4,1.0,26,943.0,500,0.0
c,4,1.0,27,768.0,500,0.0
c,4,1.0,28,849.0,500,0.0
c,4,1.0,29,944.0,500,0.0
c,4,1.5,0,567.0,500,0.0
c,4,1.5,1,871.0,500,0.0
c,4,1.5,2,524.0,500,0.0
c,4,1.5,3,838.0,500,0.0
c,4,1.5,4,840.0,500,0.0
c,4,1.5,5,756.0,500,0.0
c,4,1.5,6,524.0,500,0.0
c,4,1.5,7,488.0,500,0.0
c,4,1.5,8,796.0,500,0.0
c,4,1.5,9,881.0,500,0.0
c,4,1.5,10,754.0,500,0.0
c,4,1.5,11,709.0,500,0.0
c,4,1.5,12,632.0,500,0.0
c,4,1.5,13,530.0,500,0.0
c,4,1.5,14,672.0,500,0.0
c,4,1.5,15,875.0,500,0.0
c,4,1.5,16,543.0,500,0.0
c,4,1.5,17,878.0,500,0.0
c,4,1.5,18,569.0,500,0.0
c,4,1.5,19,568.0,500,0.0
c,4,1.5,20,881.0,500,0.0
c,4,1.5,21,565.0,500,0.0
c,4,1.5,22,754.0,500,0.0
c,4,1.5,23,633.0,500,0.0
c,4,1.5,24,668.0,500,0.0
c,4,1.5,25,606.0,500,0.0
c,4,1.5,26,872.0,500,0.0
c,4,1.5,27,671.0,500,0.0
c,4,1.5,28,794.0,500,0.0
c,4,1.5,29,881.0,500,0.0
c,4,2.0,0,394.0,500,0.0
c,4,2.0,1,874.0,500,0.0
c,4,2.0,2,401.0,500,0.0
c,4,2.0,3,786.0,500,0.0
c,4,2.0,4,781.0,500,0.0
c,4,2.0,5,655.0,500,0.0
c,4,2.0,6,402.0,500,0.0
c,4,2.0,7,329.0,500,0.0
c,4,2.0,8,688.0,500,0.0
c,4,2.0,9,879.0,500,0.0
c,4,2.0,10,651.0,500,0.0
c,4,2.0,11,610.0,500,0.0
c,4,2.0,12,541.0,500,0.0
c,4,2.0,13,405.0,500,0.0
c,4,2.0,14,579.0,500,0.0
c,4,2.0,15,872.0,500,0.0
c,4,2.0,16,370.0,500,0.0
c,4,2.0,17,835.0,500,0.0
c,4,2.0,18,436.0,500,0.0
c,4,2.0,19,435.0,500,0.0
c,4,2.0,20,879.0,500,0.0
c,4,2.0,21,436.0,500,0.0
c,4,2.0,22,657.0,500,0.0
c,4,2.0,23,544.0,500,0.0
c,4,2.0,24,571.0,500,0.0
c,4,2.0,25,473.0,500,0.0
c,4,2.0,26,870.0,500,0.0
c,4,2.0,27,575.0,500,0.0
c,4,2.0,28,739.0,500,0.0
c,4,2.0,29,877.0,500,0.0
c,4,2.5,0,272.0,500,0.0
c,4,2.5,1,200.0,500,0.0
c,4,2.5,2,268.0,500,0.0
c,4,2.5,3,731.0,500,0.0
c,4,2.5,4,191.0,500,0.0
c,4,2.5,5,212.0,500,0.0
c,4,2.5,6,221.0,500,0.0
c,4,2.5,7,207.0,500,0.0
c,4,2.5,8,640.0,500,0.0
c,4,2.5,9,267.0,500,0.0
c,4,2.5,10,606.0,500,0.0
c,4,2.5,11,131.0,500,0.0
c,4,2.5,12,149.0,500,0.0
c,4,2.5,13,231.0,500,0.0
c,4,2.5,14,488.0,500,0.0
c,4,2.5,15,259.0,500,0.0
c,4,2.5,16,242.0,500,0.0
c,4,2.5,17,246.0,500,0.0
c,4,2.5,18,120.0,500,0.0
c,4,2.5,19,62.0,500,0.0
c,4,2.5,20,468.0,500,0.0
c,4,2.5,21,306.0,500,0.0
c,4,2.5,22,150.0,500,0.0
c,4,2.5,23,115.0,500,0.0
c,4,2.5,24,477.0,500,0.0
c,4,2.5,25,343.0,500,0.0
c,4,2.5,26,927.0,500,0.0
c,4,2.5,27,484.0,500,0.0
c,4,2.5,28,690.0,500,0.0
c,4,2.5,29,269.0,500,0.0
o,4,0.5,0,833.0,500,0.0
o,4,0.5,1,983.0,500,0.0
o,4,0.5,2,762.0,500,0.0
o,4,0.5,3,945.0,500,0.0
o,4,0.5,4,949.0,500,0.0
o,4,0.5,5,909.0,500,0.0
o,4,0.5,6,765.0,500,0.0
o,4,0.5,7,832.0,500,0.0
o,4,0.5,8,908.0,500,0.0
o,4,0.5,9,936.0,500,0.0
o,4,0.5,10,904.0,500,0.0
o,4,0.5,11,906.0,500,0.0
o,4,0.5,12,870.0,500,0.0
o,4,0.5,13,773.0,500,0.0
o,4,0.5,14,899.0,500,0.0
o,4,0.5,15,932.0,500,0.0
o,4,0.5,16,839.0,500,0.0
o,4,0.5,17,943.0,500,0.0
o,4,0.5,18,832.0,500,0.0
o,4,0.5,19,833.0,500,0.0
o,4,0.5,20,936.0,500,0.0
o,4,0.5,21,831.0,500,0.0
o,4,0.5,22,904.0,500,0.0
o,4,0.5,23,871.0,500,0.0
o,4,0.5,24,903.0,500,0.0
o,4,0.5,25,867.0,500,0.0
o,4,0.5,26,933.0,500,0.0
o,4,0.5,27,901.0,500,0.0
o,4,0.5,28,936.0,500,0.0
o,4,0.5,29,939.0,500,0.0
o,4,1.0,0,704.0,500,0.0
o,4,1.0,1,939.0,500,0.0
o,4,1.0,2,704.0,500,0.0
o,4,1.0,3,891.0,500,0.0
o,4,1.0,4,894.0,500,0.0
o,4,1.0,5,806.0,500,0.0
o,4,1.0,6,704.0,500,0.0
o,4,1.0,7,632.0,500,0.0
o,4,1.0,8,850.0,500,0.0
o,4,1.0,9,939.0,500,0.0
o,4,1.0,10,802.0,500,0.0
o,4,1.0,11,810.0,500,0.0
o,4,1.0,12,773.0,500,0.0
o,4,1.0,13,674.0,500,0.0
o,4,1.0,14,768.0,500,0.0
o,4,1.0,15,944.0,500,0.0
o,4,1.0,16,621.0,500,0.0
o,4,1.0,17,943.0,500,0.0
o,4,1.0,18,613.0,500,0.0
o,4,1.0,19,700.0,500,0.0
o,4,1.0,20,939.0,500,0.0
o,4,1.0,21,699.0,500,0.0
o,4,1.0,22,807.0,500,0.0
o,4,1.0,23,773.0,500,0.0
o,4,1.0,24,803.0,500,0.0
o,4,1.0,25,736.0,500,0.0
o,4,1.0,26,944.0,500,0.0
o,4,1.0,27,764.0,500,0.0
o,4,1.0,28,849.0,500,0.0
o,4,1.0,29,941.0,500,0.0
o,4,1.5,0,565.0,500,0.0
o,4,1.5,1,935.0,500,0.0
o,4,1.5,2,525.0,500,0.0
o,4,1.5,3,839.0,500,0.0
o,4,1.5,4,839.0,500,0.0
o,4,1.5,5,755.0,500,0.0
o,4,1.5,6,525.0,500,0.0
o,4,1.5,7,532.0,500,0.0
o,4,1.5,8,797.0,500,0.0
o,4,1.5,9,936.0,500,0.0
o,4,1.5,10,755.0,500,0.0
o,4,1.5,11,711.0,500,0.0
o,4,1.5,12,627.0,500,0.0
o,4,1.5,13,531.0,500,0.0
o,4,1.5,14,669.0,500,0.0
o,4,1.5,15,940.0,500,0.0
o,4,1.5,16,530.0,500,0.0
o,4,1.5,17,940.0,500,0.0
o,4,1.5,18,568.0,500,0.0
o,4,1.5,19,567.0,500,0.0
o,4,1.5,20,936.0,500,0.0
o,4,1.5,21,563.0,500,0.0
o,4,1.5,22,755.0,500,0.0
o,4,1.5,23,629.0,500,0.0
o,4,1.5,24,664.0,500,0.0
o,4,1.5,25,604.0,500,0.0
o,4,1.5,26,941.0,500,0.0
o,4,1.5,27,667.0,500,0.0
o,4,1.5,28,790.0,500,0.0
o,4,1.5,29,939.0,500,0.0
o,4,2.0,0,388.0,500,0.0
o,4,2.0,1,932.0,500,0.0
o,4,2.0,2,393.0,500,0.0
o,4,2.0,3,785.0,500,0.0
o,4,2.0,4,779.0,500,0.0
o,4,2.0,5,654.0,500,0.0
o,4,2.0,6,397.0,500,0.0
o,4,2.0,7,353.0,500,0.0
o,4,2.0,8,690.0,500,0.0
o,4,2.0,9,935.0,500,0.0
o,4,2.0,10,655.0,500,0.0
o,4,2.0,11,613.0,500,0.0
o,4,2.0,12,540.0,500,0.0
o,4,2.0,13,403.0,500,0.0
o,4,2.0,14,577.0,500,0.0
o,4,2.0,15,938.0,500,0.0
o,4,2.0,16,351.0,500,0.0
o,4,2.0,17,869.0,500,0.0
o,4,2.0,18,437.0,500,0.0
o,4,2.0,19,436.0,500,0.0
o,4,2.0,20,934.0,500,0.0
o,4,2.0,21,436.0,500,0.0
o,4,2.0,22,659.0,500,0.0
o,4,2.0,23,543.0,500,0.0
o,4,2.0,24,569.0,500,0.0
o,4,2.0,25,473.0,500,0.0
o,4,2.0,26,937.0,500,0.0
o,4,2.0,27,572.0,500,0.0
o,4,2.0,28,741.0,500,0.0
o,4,2.0,29,937.0,500,0.0
o,4,2.5,0,264.0,500,0.0
o,4,2.5,1,927.0,500,0.0
o,4,2.5,2,268.0,500,0.0
o,4,2.5,3,729.0,500,0.0
o,4,2.5,4,725.0,500,0.0
o,4,2.5,5,550.0,500,0.0
o,4,2.5,6,211.0,500,0.0
o,4,2.5,7,229.0,500,0.0
o,4,2.5,8,638.0,500,0.0
o,4,2.5,9,934.0,500,0.0
o,4,2.5,10,604.0,500,0.0
o,4,2.5,11,511.0,500,0.0
o,4,2.5,12,391.0,500,0.0
o,4,2.5,13,221.0,500,0.0
o,4,2.5,14,489.0,500,0.0
o,4,2.5,15,929.0,500,0.0
o,4,2.5,16,228.0,500,0.0
o,4,2.5,17,875.0,500,0.0
o,4,2.5,18,250.0,500,0.0
o,4,2.5,19,256.0,500,0.0
o,4,2.5,20,933.0,500,0.0
o,4,2.5,21,305.0,500,0.0
o,4,2.5,22,556.0,500,0.0
o,4,2.5,23,399.0,500,0.0
o,4,2.5,24,473.0,500,0.0
o,4,2.5,25,342.0,500,0.0
o,4,2.5,26,871.0,500,0.0
o,4,2.5,27,481.0,500,0.0
o,4,2.5,28,690.0,500,0.0
o,4,2.5,29,936.0,500,0.0
